Country,Year,"Adjusted net enrollment rate, primary (% of primary school age children)","Adjusted net enrollment rate, primary, female (% of primary school age children)","Adjusted net enrollment rate, primary, male (% of primary school age children)",Children out of school (% of primary school age),"Children out of school, primary","Educational attainment, Doctoral or equivalent, population 25+, female (%) (cumulative)","Educational attainment, Doctoral or equivalent, population 25+, male (%) (cumulative)","Educational attainment, Doctoral or equivalent, population 25+, total (%) (cumulative)","Educational attainment, at least Bachelor's or equivalent, population 25+, female (%) (cumulative)","Educational attainment, at least Bachelor's or equivalent, population 25+, male (%) (cumulative)","Educational attainment, at least Bachelor's or equivalent, population 25+, total (%) (cumulative)","Educational attainment, at least Master's or equivalent, population 25+, female (%) (cumulative)","Educational attainment, at least Master's or equivalent, population 25+, male (%) (cumulative)","Educational attainment, at least Master's or equivalent, population 25+, total (%) (cumulative)","Educational attainment, at least completed lower secondary, population 25+, female (%) (cumulative)","Educational attainment, at least completed lower secondary, population 25+, male (%) (cumulative)","Educational attainment, at least completed lower secondary, population 25+, total (%) (cumulative)","Educational attainment, at least completed post-secondary, population 25+, female (%) (cumulative)","Educational attainment, at least completed post-secondary, population 25+, male (%) (cumulative)","Educational attainment, at least completed post-secondary, population 25+, total (%) (cumulative)","Educational attainment, at least completed primary, population 25+ years, female (%) (cumulative)","Educational attainment, at least completed primary, population 25+ years, male (%) (cumulative)","Educational attainment, at least completed primary, population 25+ years, total (%) (cumulative)","Educational attainment, at least completed short-cycle tertiary, population 25+, female (%) (cumulative)","Educational attainment, at least completed short-cycle tertiary, population 25+, male (%) (cumulative)","Educational attainment, at least completed short-cycle tertiary, population 25+, total (%) (cumulative)","Educational attainment, at least completed upper secondary, population 25+, female (%) (cumulative)","Educational attainment, at least completed upper secondary, population 25+, male (%) (cumulative)","Educational attainment, at least completed upper secondary, population 25+, total (%) (cumulative)",Expected Years of School,"Expected Years of School, Female","Expected Years of School, Male",Expected years of schooling,"Expected years of schooling, female","Expected years of schooling, male","Female share of graduates in Agriculture, Forestry, Fisheries and Veterinary programmes, tertiary (%)","Female share of graduates in Arts and Humanities programmes, tertiary (%)","Female share of graduates in Business, Administration and Law programmes, tertiary (%)","Female share of graduates in Education programmes, tertiary (%)","Female share of graduates in Health and Welfare programmes, tertiary (%)","Female share of graduates in Information and Communication Technologies programmes, tertiary (%)","Female share of graduates in Natural Sciences, Mathematics and Statistics programmes, tertiary (%)","Female share of graduates in Services programmes, tertiary (%)","Female share of graduates in Social Sciences, Journalism and Information programmes, tertiary (%)","Female share of graduates in other fields than Science, Technology, Engineering and Mathematics programmes, tertiary (%)","Government expenditure on education, total (% of GDP)","Government expenditure per student, primary (% of GDP per capita)","Government expenditure per student, secondary (% of GDP per capita)","Gross graduation ratio, primary, female (%)","Gross graduation ratio, primary, male (%)","Gross graduation ratio, primary, total (%)","Gross intake ratio in first grade of primary education, total (% of relevant age group)",Harmonized Test Scores,"Harmonized Test Scores, Female","Harmonized Test Scores, Male",Human Capital Index (HCI) (scale 0-1),"Human Capital Index (HCI), Female (scale 0-1)","Human Capital Index (HCI), Male (scale 0-1)",Learning-Adjusted Years of School,"Learning-Adjusted Years of School, Female","Learning-Adjusted Years of School, Male","Literacy rate, adult female (% of females ages 15 and above)","Literacy rate, adult male (% of males ages 15 and above)","Literacy rate, adult total (% of people ages 15 and above)","Literacy rate, youth (ages 15-24), gender parity index (GPI)","Literacy rate, youth female (% of females ages 15-24)","Literacy rate, youth male (% of males ages 15-24)","Literacy rate, youth total (% of people ages 15-24)","Lower secondary completion rate, female (% of relevant age group)","Lower secondary completion rate, male (% of relevant age group)","Lower secondary completion rate, total (% of relevant age group)",Net intake rate in grade 1 (% of official school-age population),"Primary completion rate, female (% of relevant age group)","Primary completion rate, male (% of relevant age group)","Primary completion rate, total (% of relevant age group)","Primary education, pupils (% female)","Primary education, teachers (% female)",Progression to secondary school (%),"Progression to secondary school, female (%)","Progression to secondary school, male (%)","Rate of out-of-school youth of upper secondary school age, female (%)","Rate of out-of-school youth of upper secondary school age, male (%)","School enrollment, preprimary (% gross)","School enrollment, preprimary, female (% gross)","School enrollment, preprimary, male (% gross)","School enrollment, primary (% gross)","School enrollment, primary (% net)","School enrollment, primary (gross), gender parity index (GPI)","School enrollment, primary and secondary (gross), gender parity index (GPI)","School enrollment, primary, female (% gross)","School enrollment, primary, female (% net)","School enrollment, primary, male (% gross)","School enrollment, primary, male (% net)","School enrollment, secondary (% gross)","School enrollment, secondary (% net)","School enrollment, secondary (gross), gender parity index (GPI)","School enrollment, secondary, female (% gross)","School enrollment, secondary, female (% net)","School enrollment, secondary, male (% gross)","School enrollment, secondary, male (% net)","School enrollment, tertiary (% gross)","School enrollment, tertiary (gross), gender parity index (GPI)","School enrollment, tertiary, female (% gross)","School enrollment, tertiary, male (% gross)","Secondary education, pupils (% female)","Secondary education, teachers (% female)","Secondary education, vocational pupils","Secondary education, vocational pupils (% female)",Share of all students in upper secondary education enrolled in vocational programmes (%),Share of female students in upper secondary education enrolled in vocational programmes (%),Share of male students in upper secondary education enrolled in vocational programmes (%),"Tertiary education, academic staff (% female)","Vocational and Technical enrolment (% of total secondary enrolment), female","Vocational and Technical enrolment (% of total secondary enrolment), total","Youth illiterate population, 15-24 years, % female","Youth illiterate population, 15-24 years, both sexes (number)","Youth illiterate population, 15-24 years, female (number)","Youth illiterate population, 15-24 years, male (number)"
Indonesia,2002,95.45687,95.02285,95.87668,4.543129921,1195553,0.008453026559,0,0,5.738817927,8.226995825,6.982711366,0,0.415729526,0.1836346702,32.00603885,42.85210666,36.90649957,6.698217282,7.499231714,6.986164924,66.03002184,76.21762407,71.00877194,0.9114074726,2.752125108,1.617410562,19.68074272,27.6689638,23.62997403,10.84371246,10.89155256,10.39871761,10.75983047,10.61417961,10.90141964,39.34073859,61.66024159,44.75658761,60.52796871,83.62412844,35.78009265,83.16174548,31.04731,32.71633256,60.62721638,2.645689964,6.981964218,5.468269411,81.94786659,87.34280527,99.03248375,114.67485,395.0394908,404.2840974,385.6421778,0.476559856,0.4901628669,0.4635871338,6.854065539,7.059745606,6.653660727,84.7815702,93.22082705,88.91280953,0.9983272793,98.98402662,99.15294596,99.06863771,70.07665253,68.18991089,69.11963654,45.79188,95.38433838,94.73410034,95.05402374,48.62113,52.03871155,81.75657,83.0655,80.48075,52.77575,50.49582,24.40448952,24.72670937,24.09293938,109.9209518,91.32723,0.9783599973,0.9807400107,108.6988525,90.86566,111.1030273,91.77368,57.16159058,50.80151,0.9876000285,56.80012131,50.48961,57.51300049,51.10473,14.80344963,0.8691499829,13.75590992,15.82686043,48.98272,39.71670151,2027464,42.98695,35.4902,31.98249,38.68958,39.70032883,11.7517,13.39081001,54.97972592,392645.5777,212807.46,179838.6326
Indonesia,2003,94.9515,94.16388,95.71202,5.048500061,1339065,0.0108598256,0,0,5.863838521,8.252106497,7.05831297,0,0.4297786547,0.200665626,32.3813467,42.97636961,37.23380232,6.451084244,7.408543526,6.893052043,67.37183173,77.34836375,72.32401206,1.083252736,2.894613548,1.778741824,20.38730565,28.3847498,24.38385797,10.92979166,10.98098617,10.4420179,10.97385025,10.80105019,11.14233017,39.07655684,61.44344483,44.95884164,60.68727602,83.1392063,35.71813947,82.25977164,31.04731,33.1931903,60.64918579,3.217999935,7.828633618,5.947799043,81.82582324,88.36296357,100.6118191,112.8646,395.5008773,404.4870634,386.3843595,0.4802001502,0.4938441368,0.4672084938,6.917629058,7.123447557,6.719856201,85.22889609,93.41779934,89.24664978,0.9983135849,98.98778064,99.15772289,99.07292849,73.57318115,71.4716568,72.50710297,38.21255,95.6805191,95.63865662,95.65924072,48.67859,54.0809288,83.72618,83.72159,83.73062,49.42046,46.23474,25.72792053,26.4907093,24.9911499,109.5265274,90.64128,0.9822999835,0.9828400016,108.5317307,89.80657,110.4871063,91.44727,60.14321899,53.46558,0.9867399931,59.73616028,53.1074,60.53910065,53.81393,16.0132103,0.798420012,14.20265007,17.78834915,48.97066,40.93730164,2099753,43.20637,35.33875,32.02962,38.35322,39.31153107,11.67169,13.22883987,54.6074087,392645.832,212807.4693,179838.6126
Indonesia,2004,94.2013,93.37879,94.99409,5.798699856,1551268,0.0137630653,0,0,5.88433,8.103392491,7.00624528,0.008963909937,0.4550368768,0.2294182756,35.58136712,46.26501768,41.16148669,5.561849518,7.689621342,6.856236818,69.86530359,79.27030614,74.97995375,2.746190463,3.724583132,3.014053158,21.3981892,28.4461258,25.17200396,11.13227776,11.18879742,10.58775012,11.06958961,10.91154957,11.22402954,35.35170912,60.3899749,43.47541372,58.99586479,79.68682828,36.5876743,74.6782299,31.04731,32.4698082,59.38631079,2.748470068,11.40020715,8.429558458,79.07652099,89.86318171,110.2385158,109.37086,396.6383319,405.0977066,387.9835727,0.4869244429,0.5010249403,0.4735251631,7.063638812,7.271809213,6.874927646,86.79959106,94.03507996,90.38478851,0.9967100024,98.54216003,98.86708069,98.70545959,75.26316833,72.06429291,73.63897705,37.07319,96.35920715,94.85883331,95.59570313,48.72238,52.2968483,78.58976,78.38926,78.78642,47.17379,44.44888,27.01999092,28.18951988,25.89134979,108.9343033,89.73712,0.9857900143,0.9868500233,108.1403503,88.88332,109.6995697,90.56007,61.86724091,54.89742,0.9917500019,61.60736084,54.67966,62.11970901,55.10898,16.59507942,0.7928199768,14.66366959,18.49554062,49.07068,39.85528183,2198443,43.30638,35.50107,32.01456,38.72231,39.46638107,11.86377,13.4428997,55.78953,557588,311076,246512
Indonesia,2005,93.25168,91.87563,94.57581,6.748320103,1822157,0.01743786873,0,0,5.897151469,8.055734517,6.978014259,0.02063737851,0.463669671,0.2397075796,31.52509502,41.65014392,36.19341209,5.960238493,7.030790041,6.624689415,69.11696717,78.18517472,73.75931298,0.4909970491,1.964428844,0.9824657241,20.85480552,28.48740095,24.75174508,11.10357803,11.16211683,10.46005617,10.94575024,10.71333401,11.08524607,36.19867868,60.68121043,43.74766857,59.63802676,80.37604765,35.820696,75.98273819,31.04731,32.95901813,59.75293151,2.872819901,9.817210281,7.0414191,81.08473265,90.221959,105.5194428,112.15309,396.4207541,404.8671343,387.9154553,0.4879595934,0.5016060103,0.4750106671,7.046741351,7.255273743,6.853642157,86.37079416,93.82596182,90.05313682,0.9982877092,98.99810641,99.1689632,99.08347065,70.70841217,68.29383087,69.48097992,42.32522906,95.08203888,93.49546051,94.2734375,48.26,61.02204895,88.62299,88.95904,88.29418,55.07773,53.16637,31.5389595,32.06129074,31.03540039,107.9554367,88.93075,0.9693199992,0.975489974,106.2415237,87.51888,109.6046829,90.28935,60.15428925,53.3964,0.9897199869,59.83853149,53.12387,60.46035004,53.66057,17.22629929,0.872831073,15.13316539,17.57400244,48.96249,43.46414948,2164068,42.4147,34.28832,30.29395,37.97651,40.00131989,11.72165,13.53118992,52.83727991,392646.2742,212807.4646,179838.6237
Indonesia,2006,94.59911,93.20646,95.93748,5.400889874,1472991,0.01356839337,0,0,6.205841019,8.428919736,7.385017758,0,0.4379543183,0.2092982321,36.50080109,46.96086884,43.27655029,2.463219583,10.35748015,7.598034769,74.06262207,83.53192902,80.19657898,7.900119781,6.432750225,6.94960022,22.75254059,28.39613914,26.40830994,11.69487574,11.75785586,11.10461676,10.99732971,10.87007046,11.12092972,27.8496776,57.99017963,41.63757838,55.98879299,75.04107558,39.72419738,66.44910118,31.04731,30.38556195,57.8335988,0.5415789879,20.06510611,16.00361077,85.40919599,79.3834128,113.8638345,112.60143,399.9680455,407.2271141,391.9504904,0.4996332224,0.5161721326,0.4839217387,7.457909038,7.679946619,7.303701385,88.78697968,95.15853882,91.98226929,0.9922199845,96.27236176,97.02747345,96.65103912,72.17259216,68.686203,70.39806366,38.4023,93.03598022,92.10516357,92.56089783,48.23694,59.0002594,98.94295,98.2755,99.58965,51.66007,50.6466,34.66635132,35.27236176,34.08298111,106.2683792,91.79173,0.9696699977,0.9828600287,104.6002121,90.35039,107.8715286,93.17688,62.64102936,57.5779,1.007920027,62.89228058,57.81846,62.3982811,57.34547,17.28017998,0.907490015,16.43717003,18.11273956,49.33718,44.00025177,2231927,41.94152,34.27781,29.66312,38.61784,40.2020607,11.29528,13.28701019,55.18972,1445426,797727,647699
Indonesia,2007,96.9568,95.18329,98.65955,3.043200016,829576,0.00759821541,0,0,6.777359498,9.206377656,7.991788301,0,0.4155816534,0.1911455579,34.94229889,46.03919983,40.37876129,6.258729935,7.990449905,7.107110023,66.19561005,77.42835999,71.69862366,3.50447011,5.533440113,4.498479843,21.68804932,30.50568008,26.00786972,11.00504587,11.05719431,10.6911715,11.67477036,11.55852985,11.78670025,47.52276243,62.51359627,51.08927001,65.99683608,89.70195321,34.70050654,98.90201625,31.04731,37.9130617,64.28773919,3.044250011,11.48652,9.48922,82.26394149,89.97523603,100.6965248,115.59236,395.9444424,404.7672365,386.920113,0.4819644423,0.4959219952,0.4686762051,6.970490306,7.169038272,6.77723227,85.9375838,94.08138933,89.90088155,0.9983257751,98.98388303,99.15158299,99.06755426,79.73280334,76.80149841,78.24227905,42.19037,95.91323853,97.34883881,96.64581299,48.0562,57.5802803,91.5475,94.95003,88.3302,45.57257,44.79474,40.88439941,41.86487961,39.94472885,109.3057709,93.81578,0.9635999799,0.9788900018,107.2391663,91.99975,111.2899323,95.55935,70.54091644,64.8416,1.006119967,70.7596283,65.05054,70.32910919,64.63926,17.7949295,0.9844800234,17.65497017,17.93322945,49.35088,48.89279175,2401732,41.45254,33.29477,28.26463,38.09481,40.88698959,10.7782,12.83187008,55.65911763,392645.5397,212807.518,179838.5044
Indonesia,2008,96.09268,95.19553,96.95193,3.907320023,1068971,0.01081783327,0,0.002201903588,6.698376363,8.741532152,7.71338169,0.06531942073,0.4875413531,0.2745047869,36.20627975,46.81760025,41.39833832,6.051239967,7.273690224,6.649380207,67.37169647,76.5834198,71.87893677,3.56750989,5.105410099,4.319990158,22.38948059,30.17831993,26.20051003,11.09508782,11.1537605,10.80986732,11.67576027,11.55058956,11.79759979,44.74782568,61.68786928,49.5983833,64.35664889,84.91023696,34.92162924,87.13598622,31.04731,38.15505779,62.52193481,2.901900053,11.36056,9.42407,81.79505835,96.15827566,109.1049048,112.88472,396.365804,404.8229858,387.8688155,0.4879336497,0.501510789,0.4750523634,7.041108147,7.232946737,6.84722937,89.10138702,95.38318634,92.19229889,0.9984400272,99.38240814,99.53748322,99.46011353,74.39122009,75.44419098,74.92701721,39.20302,96.36197662,97.00982666,96.69259644,48.44783,60.05562973,92.05493,92.84102,91.30564,44.5583,43.2419,43.46640015,44.15296173,42.81192017,107.8225403,93.13418,0.9812300205,0.9841700196,106.779213,92.23255,108.8218002,93.99772,69.65622711,64.02634,0.9920899868,69.37525177,63.80221,69.92845154,64.24349,20.66820908,0.9111199975,19.70265007,21.62463951,49.00961,47.24650955,2738962,41.28418,37.24752,31.78737,42.36406,40.45370865,12.59749,14.95483017,56.82428,230419,130934,99485
Indonesia,2009,96.83722,95.77599,97.8499,3.162780046,871223,0.01036622204,0.003586321161,0.007226357668,7.227264197,9.100231902,8.157990834,0.1084305554,0.5142699595,0.309581894,37.42240143,47.53049088,42.29053879,5.56200591,7.494272446,6.609832118,67.99333191,78.08757019,72.85478973,6.906879902,8.14274025,7.502079964,23.83699989,32.15851974,27.8447094,11.2304919,11.29349522,11.06295985,12.13866043,12.01741982,12.25607014,47.75516008,61.70980087,52.35024685,66.4292089,85.98864395,34.69689148,90.34035167,31.04731,40.91688945,63.65857255,3.525130033,13.48797,10.9866,84.62597096,98.29681417,107.5563333,111.42412,397.1107913,405.1913663,388.9822147,0.4929819089,0.5067562811,0.4799369697,7.139799722,7.325121517,6.951119404,89.67711639,95.6470108,92.58170319,0.9984599948,99.39659119,99.55003357,99.47373962,84.10321808,80.63474274,82.33576965,38.67867,99.37239838,97.76071167,98.54908752,48.26759,61.55173111,89.84454,90.10738323,89.12817329,44.37538,41.82466,45.49848938,46.80881119,44.25600052,108.5492401,93.76106,0.9777500033,0.9826700091,107.2996521,92.68116,109.7416687,94.79157,74.6276474,64.76545,0.9934200048,74.37735748,64.28802,74.86978149,65.22731,22.98912048,0.9455999732,22.34469986,23.63021088,49.00622,47.55667114,3095704,41.06811,38.26192,32.60623,43.52276,40.15470123,13.28977,15.8585701,56.96425,222242,126599,95644
Indonesia,2010,97.25383,97.57204,96.95146,2.746170044,763385,0.008375335043,0.006497338626,0.007556109037,7.037825971,8.726050459,7.888264157,0.155887697,0.552343156,0.3523001251,38.87049239,48.72281719,43.68539767,4.626332825,8.020190546,6.627144574,68.67893411,78.63809991,73.55686765,8.001929065,8.805346188,8.399478343,24.26895179,32.15193735,28.13053587,11.35839939,11.42355537,11.29833508,12.33273029,12.37477016,12.29712009,42.89801562,60.44601492,49.94682886,63.44609579,80.51328411,36.21083146,77.44435414,31.04731,39.55272373,61.33551263,2.81227994,9.96239,8.28022,96.12219,94.11835,95.09639,113.43251,397.8539124,405.6399841,389.9231873,0.4963614345,0.5105941892,0.4828875959,7.230373859,7.414161205,7.048772812,89.94521062,95.68375742,92.75224602,0.9982755503,98.98512371,99.15543057,99.07089296,87.55457306,83.82057953,85.64961243,37.808,103.762512,98.70965216,100.5890884,49.52885,62.46611023,90.18945291,90.05478078,90.01367504,42.52792,40.38315,41.4427681,42.39365005,40.54486084,109.1503372,94.22952,1.032709956,1.020810008,110.952179,94.47534,107.4381409,93.99594,76.42624664,66.64897,1.006340027,76.67198944,66.52676,76.18920135,66.76686,24.07625961,0.8752400279,22.47407913,25.67770958,49.25902,47.97129822,3319068,41.51885,40.58001,34.58303,46.27729,40.78733063,14.00455,16.61535072,55.60304072,392644.8924,212807.4281,179838.7028
Indonesia,2011,96.83061,98.75686,95.00778,3.169389963,890102,0.00965167986,0.01732487986,0.01337062341,6.842971632,8.093485588,7.484497416,0.2620047295,0.6349554517,0.446733162,39.85382843,49.20933151,44.48204041,3.283088294,8.231426397,6.377567119,69.73204041,79.24411774,74.43771362,7.529930115,8.239069939,7.880740166,25.16081047,32.78968811,28.93486023,11.59832168,11.67108898,11.6176063,12.59058952,12.61985016,12.57013988,35.74544491,58.50433106,46.54329998,59.33481454,71.82226843,37.95569384,56.83190591,31.04731,38.25587829,57.89760844,3.189440012,2.164306771,3.066497526,117.4137924,88.34953147,72.95660138,114.72171,399.1752169,406.2959436,391.8924658,0.5052618951,0.5198528497,0.491489285,7.405160246,7.58591244,7.232839873,90.0687027,95.59108734,92.81191254,0.9994699955,98.75180054,98.80384064,98.77799988,89.23155212,89.24783325,89.23986816,35.28079,109.0943536,102.2898539,104.7099665,49.51251,62.99810028,96.43843,96.22965,96.64492,31.32429,29.93341,43.08800888,44.45336151,41.8012886,109.1798325,93.73808,1.036329985,1.022259951,111.1822815,95.58735,107.2848892,91.98809,79.11447906,72.91917,1.004930019,79.31282043,73.10344,78.92384338,72.74204,26.30319977,0.8524399996,24.21068001,28.40163994,49.13408,53.8968811,3737158,41.97733,42.25501,36.54962,47.63451,41.1897583,15.36642,17.98625946,50.59378,513604,259852,253753
Indonesia,2012,95.94703,96.39396,95.52497,4.052969933,1141798,0.01570635333,0.03262093884,0.02404394808,7.530509582,8.53265173,8.042900978,0.3130542249,0.6664613562,0.4880895488,44.15590704,53.77087734,49.44537927,3.039064875,7.772885885,6.100175675,71.42445042,79.44908396,75.59723935,8.69890629,8.748417539,8.720053669,26.75497207,33.36789939,30.14722488,11.79506035,11.87683377,11.748378,12.89035034,12.97548008,12.80965996,39.59204485,58.70270671,49.87030122,62.49184541,74.124378,36.8549955,63.17613505,31.04731,41.77277202,59.7820388,3.407480001,11.48465,10.2787,103.2486972,99.26469008,98.52071962,104.81098,400.2025266,406.6902892,393.6653216,0.5145420459,0.5290386337,0.500915726,7.552271808,7.728536212,7.384468244,93.03972732,96.93788321,95.00003748,0.998219465,99.00324639,99.17643961,99.09052521,85.0537796,80.35851288,82.65231323,31.72691,104.6191025,101.6561279,103.098259,48.49679,63.58641815,91.65313,91.77538,91.53376,28.05838,29.05295,50.00978851,50.95178986,49.12207031,109.2734222,92.85318,0.9970999956,1.008219957,109.1101913,93.29728,109.4275589,92.43378,80.45233154,74.17695,1.026870012,81.54258728,75.29503,79.40921021,73.1072,30.42900085,1.037739992,31.01600075,29.84557915,49.55793,53.48109818,4019157,41.86729,43.33118,36.72194,49.78436,39.41962051,15.83268,18.74099922,53.90741429,392645.8461,212807.4053,179838.7525
Indonesia,2013,93.72643,94.14146,93.33495,6.273570061,1767974,0.02369112551,0.04370069775,0.03340673601,7.402509427,8.009530935,7.719960077,0.3965674679,0.7317962968,0.5624383748,45.19348333,54.3195492,50.52623216,2.250475358,7.23644284,5.671832884,74.35388454,81.15217578,78.17791681,8.219133267,7.854939562,8.000822867,27.74505428,33.65275196,30.94300357,12.03063842,12.12252571,11.82326686,12.92486,12.91466045,12.9325304,33.66525316,57.24697186,46.92693346,59.6506357,67.9065735,37.48430415,48.53880416,31.04731,40.72900404,57.4192513,3.359040022,11.92782,9.86514,104.93812,101.66475,103.25586,105.4322,401.4462612,407.1972832,395.7498597,0.5251738587,0.5396515302,0.5116278554,7.727508045,7.905627503,7.565862877,94.78532145,97.50732018,96.2137366,0.9981764724,99.01660268,99.19232873,99.10520175,83.56703186,79.26638794,81.36431122,33.13723328,102.7202988,99.65628052,101.1456299,48.45504,62.41846848,91.05842528,90.25497565,93.26291227,30.11184,23.68359,54.34661865,55.32146072,53.42713928,106.8415909,90.5756,0.9965999722,0.9844899774,106.6543884,90.99734,107.0181732,90.17779,82.63764191,75.36034,0.9699800014,81.34906006,74.33205,83.866539,76.34101,31.06370926,1.100749969,32.72562027,29.42856026,48.05356,52.13817978,4189519,37.55274,42.8254,34.74756,49.78525,38.51649857,14.66687,18.76815033,51.96633672,392646.514,212807.3965,179838.7721
Indonesia,2014,93.17534,92.59846,93.71928,6.824659824,1919777,0.02678043911,0.04807672825,0.03718823422,7.675169945,8.263110161,7.966499805,0.4004400074,0.7314299941,0.5644500256,42.92845917,51.73851013,47.29391861,2.96714388,6.467036582,5.445896515,72.33222198,80.94597626,76.60041809,8.480690002,8.83205986,8.654800415,27.37406921,34.87902069,31.09284019,11.96272857,12.05608057,11.69091133,12.88265991,12.86707973,12.89535046,38.14777,58.20372436,49.40186818,62.44634,71.61548,35.97724,57.10113,31.04731,42.88150211,59.27124533,3.288009882,12.27912,9.95311,103.88284,104.29206,104.09331,107.5332,400.9987363,406.8237111,395.3993147,0.5252486064,0.5391168758,0.5122993619,7.682989406,7.85867942,7.514668053,93.45089722,96.791008,95.11621857,0.9999700189,99.67883301,99.6815567,99.68022156,85.80563157,79.29341505,83.09841965,35.99562431,100.5479584,106.193222,103.4515305,47.90869,62.08749008,91.08804265,91.13497689,92.51802406,33.1614,27.08223,57.87528992,58.80509949,56.99689865,106.0734024,90.00059,0.975399971,0.9822800159,104.7140198,89.41192,107.3551712,90.55565,82.68238068,75.21275,0.9926999807,82.37181854,74.88044,82.97781372,75.52886,30.89575958,1.106430054,32.65576172,29.18028069,48.56827,53.10607147,4199657,39.25156,42.40938,35.65946,48.31907,39.23928833,15.02659,18.59329033,49.26979,139054,68512,70543
Indonesia,2015,95.20822501,94.39188021,95.98003697,4.79176502,1335638.062,0.0204300005,0.04402999952,0.03212999925,8.065719604,8.907219887,8.483010292,0.3484599888,0.6872699857,0.516470015,44.46583939,53.21025085,48.80207062,3.382833334,7.016458892,5.789607627,73.61726379,81.7100296,77.63034821,8.898550034,9.5999403,9.246359825,28.52519035,36.06084824,32.26202011,11.8448654,11.9322245,11.74507953,13.33804035,13.31348038,13.36073017,44.63313,59.43625,53.27967,65.9554,77.56925,35.29992,71.55752,31.04731,45.13342,61.91573,3.583600044,13.28127,10.52216,99.34738,105.21406,102.3663,109.0725,400.3954293,406.6184847,394.3030741,0.519260773,0.5332694418,0.5061393327,7.59403916,7.765470932,7.423680334,93.33570862,97.10652161,95.21793365,0.9993500113,99.6370163,99.70175934,99.67006683,96.03569031,87.36309052,91.58335876,35.76605641,103.1131575,101.0529013,101.6165403,47.8247,63.4034594,87.73430739,85.19229526,88.25036466,29.17422,24.51528,53.16928515,54.78560099,55.92418296,105.9602432,93.04260707,0.971930027,0.9856399894,104.4083786,92.14801226,107.42379,93.90803753,86.12274933,75.77185,1.003769994,86.28914642,76.28108,85.96482086,75.28854,33.25072098,1.100880027,35.04788971,31.51226997,48.78793,49.46753335,4211245,42.75921,40.66431,36.4764,44.47906,42.86054993,15.53634,17.72683907,53.83563,145238,78190,67048
Indonesia,2016,93.62147,91.35384,95.76143,6.378530025,1778716,0.02789999917,0.05550000072,0.04157999903,8.484760284,9.108949661,8.79403019,0.3873200119,0.7128999829,0.5486299992,40.23054886,47.78244019,43.97230911,2.778247282,6.768625356,5.570253065,76.55246735,83.9914093,80.23827362,9.159119606,9.641659737,9.398200035,29.78112984,37.75455856,33.73175049,12.0790511,12.17550019,11.81498711,13.35651016,13.41810989,13.29878044,44.87513,59.07945,54.43909,67.11223,77.62985,34.83984,72.50164,31.04731,46.70635,62.5975,3.5,16.74819648,12.66902831,99.67763,106.73755,103.31227,104.58974,401.6514008,407.1725381,396.3201864,0.5291387215,0.5432639166,0.5159606793,7.766919826,7.94066976,7.603761699,93.58692169,97.17443848,95.37696838,0.9997000098,99.65351105,99.68344879,99.66880798,95.06913757,92.70410919,93.8536911,42.52977,100.50271,100.7172775,100.1982752,47.76931,62.06587982,91.4969,87.35649,95.38974,28.75833,28.37755,61.87643814,58.78025055,64.81381226,105.6098785,92.77266,0.9691500068,0.9958999753,103.9080887,90.33389,107.2158585,95.07411,84.95211792,72.4906599,1.030709982,86.27207947,73.23752083,83.70189667,74.66073275,35.43735886,1.117570043,37.69702911,33.26483154,49.39896,49.16727066,4334987,42.74045,42.69447,36.80658,48.48371,42.95595169,15.87058,18.34305,51.08605,147278,75239,72039
Indonesia,2017,94.9388,92.76452,96.99213,5.061200142,1402639,0.02499112319,0.06329955815,0.04401290158,9.01644876,9.533383756,9.288695637,0.4138043625,0.7274441332,0.5690340293,44.45048612,52.53324178,48.99490203,1.571737584,7.847831956,5.814221675,76.09398199,83.35306592,80.00891051,11.75961951,11.28673731,11.60167494,30.71970001,37.84740948,34.40102998,12.31,12.41,12.21,13.53096962,13.59187031,13.47525978,45.96057,58.54814,56.54215,68.16203,77.54769,35.62578,73.56192,31.04731,48.59243,63.20164,2.669980049,20.73913387,16.85162293,103.27305,106.03174,104.69353,103.9821,403,408,398,0.535,0.55,0.521,7.93,8.1,7.78,94.72733974,97.80637149,96.27484071,0.9981712306,99.01380279,99.19069398,99.10280549,92.658638,87.43527222,89.97176361,43.46978,100.1938171,101.4215469,100.8259201,47.77523,66.00270081,93.85450126,92.00554142,98.3860458,23.97394,23.84566,63.19306946,59.96305084,66.26547241,105.9114304,94.09782,0.9686899781,0.9936500192,104.1794662,91.77869,107.5470505,96.28794,87.05921936,74.58667719,1.024710059,88.15196991,75.73999436,86.02623749,77.26474628,36.44443893,1.127789974,38.9903183,34.00785065,49.20422,54.65116882,4682913,42.86437,43.06067,37.17614,48.86322,43.10100174,16.77558,19.25678062,52.1535763,392645.9177,212807.4256,179838.7076
Indonesia,2018,94.37668,92.01633,96.60866,5.623320103,1555014,0.02802000009,0.07269000262,0.05017000064,9.222680092,9.528320313,9.374230385,0.4664700031,0.7646099925,0.6143000126,46.84225845,55.05405045,50.91413879,1.933767207,7.021835474,5.444502374,74.9173584,81.99703979,78.42787933,9.914429665,10.07520008,9.994150162,30.99069977,38.27233887,34.60136032,12.30837536,12.41253376,12.21005917,13.60698032,13.67323971,13.54619026,48.25216,58.8568,57.93065,69.58206,78.00056,34.6707,74.29708,31.04731,50.55817,63.78079,3,18.9680565,15.23785754,104.9228077,110.0743034,99.88373,102.51958,402.9055176,407.7769775,398.2272949,0.5379572511,0.5523638725,0.5245550871,7.934579849,8.098472595,7.779806614,93.99217987,97.33133698,95.65856171,0.9997900128,99.69625092,99.71748352,99.70707703,95.86953945,82.1227628,91.4106297,40.5485,101.6394424,102.9902802,102.3348389,47.77049,68.43486023,89.62049504,89.03624352,89.89162718,22.19379,22.84777,62.34365845,59.12897873,65.41049194,106.41082,93.4963,0.967230022,0.9933999777,104.5897064,90.9674,108.1328888,95.88766,88.91017151,78.73112,1.025020003,90.04093933,79.88474,87.8429184,77.64231,36.31103897,1.134420037,38.99365997,33.75196075,49.17247,56.35319901,4904031,42.86818,43.88881,37.92212,49.76387,43.25487137,17.1743,19.69998932,50.49396,132963,67138,65825
Malaysia,2002,96.5906,96.5787,96.60188,3.409399986,106205,0.2144799978,0.3000999987,0.2585000098,12.31396008,10.35451984,11.30653954,1.585459948,1.593430042,1.589560032,58.51321837,65.18774208,61.88466368,12.18134887,13.65489888,12.92667038,84.42772455,92.69137932,88.61213135,20.36923027,17.39115906,18.83807945,42.67569816,45.29420733,44.00026073,12.0729263,12.29314142,11.8646929,12.19441986,12.56886959,11.83382988,67.00059965,70.38410993,70.18276992,75.5209862,79.20408873,48.56388564,67.51623796,62.87068175,64.05375849,67.59483715,7.657929897,19.21435,27.00911,103.7043601,123.3074073,89.60968043,98.88018,422.8632491,431.130209,414.2781263,0.5787527004,0.6016118199,0.5578548916,8.16504537,8.4765472,7.860791677,90.77013399,95.50243822,93.16443725,1.003193348,99.28161831,98.96498281,99.1180852,86.59938049,81.62283325,84.05728912,648.9687129,92.69193268,92.97032928,92.83457947,48.66652,67.54232788,102.9889049,101.8640458,104.0383393,28.02245,38.02044,52.66904068,54.75477982,50.69515991,96.59542084,96.5906,0.9997599721,1.040109992,96.58364868,96.5787,96.60656738,96.60188,77.01748657,74.68553,1.096889973,80.65506744,77.85817,73.53096771,71.64465,27.44325066,1.211269975,30.7456398,24.25016022,51.25127,63.37918854,141242,42.41585,14.87453,11.76657,18.46756,43.50450897,5.08215,6.140789986,44.11015447,51802.07729,20760.03524,31033.60889
Malaysia,2003,97.09317,97.08177,97.10396,2.906830072,91239,0.2144799978,0.3000999987,0.2585000098,12.31396008,10.35451984,11.30653954,1.585459948,1.593430042,1.589560032,55.36618384,62.15875188,58.80532098,10.63369823,12.00186206,11.32662265,82.69566087,91.87187093,87.35466943,20.36923027,17.39115906,18.83807945,39.35664357,41.99331458,40.69321017,12.19722124,12.41603533,11.98642939,12.74166965,13.29354,12.21183968,72.93984242,61.36833261,66.60870261,76.59798925,56.61425376,51.97181013,56.84204494,47.88979162,62.45374472,65.27483444,7.502880096,17.75156,25.10558,103.3141863,119.9146467,91.9446906,97.7443,428.6267829,436.4330729,420.562742,0.5881648457,0.6108931125,0.567516677,8.368766159,8.67591003,8.070792609,91.12600352,95.49832522,93.33822029,1.003399069,98.93294479,98.5973907,98.75959382,98.75874329,89.63749695,94.09812927,571.0974362,93.64710999,93.49447632,93.56880188,48.59518,66.29360962,98.05018133,97.83307334,98.24569425,19.31801,33.39244,55.68067169,59.07339096,52.47029114,97.37120819,97.09317,0.9984499812,1.054800034,97.29376221,97.08177,97.44452667,97.10396,82.90390015,80.32219,1.128620028,88.02850342,84.73717,77.99636841,76.09422,30.60672951,1.279850006,35.69303894,25.70446968,51.94196,63.03651047,138521,41.56843,13.33872,10.15053,17.1768,47.23083115,4.40144,5.499829769,44.20817695,71572.9789,30075.50676,41490.93039
Malaysia,2004,99.37525,99.439,99.31498,0.6247500181,19793,0.2144799978,0.3000999987,0.2585000098,12.31396008,10.35451984,11.30653954,1.585459948,1.593430042,1.589560032,44.69393112,51.60936209,48.23137565,5.74321521,6.302213546,6.028683543,76.81127969,89.04569762,83.07208235,20.36923027,17.39115906,18.83807945,28.28495022,30.61074985,29.47472536,12.77532357,12.98857372,12.553519,12.96833992,13.46257019,12.49563026,76.44728,61.02273,66.56401,70.00825,62.98721,50.50614,42.24166,55.94887,64.21087,65.94412,5.923890114,13.96764,20.26725,103.6867573,105.6898008,102.4280776,99.17063,459.0683984,464.4716779,453.7127452,0.6351831585,0.65732339,0.6156715721,9.387238395,9.669827987,9.122883599,92.94082057,95.54103914,94.25944684,1.003808035,97.03881836,96.66984016,96.84789019,94.14984894,86.46272278,90.21788025,189.8234894,98.39814758,98.08817291,98.23886108,48.58656,66.92310333,99.69299,99.36949,100,17.43748,30.15428,59.86219025,63.34489822,56.56542969,99.72312164,99.37525,0.9996399879,1.054329991,99.70458984,99.439,99.7406311,99.31498,84.12850952,80.88979,1.126479983,89.25176239,85.11847,79.2305069,76.84702,30.03449059,1.225149989,33.92649841,26.28800964,51.85262,63.6490097,148212,41.94127,13.57901,10.46192,17.30326,46.97060013,4.63941,5.735770226,45.47811119,176993.6946,80696.48672,96300.54061
Malaysia,2005,99.59294,99.71313,99.47943,0.4070599973,13035,0.2144799978,0.3000999987,0.2585000098,12.31396008,10.35451984,11.30653954,1.585459948,1.593430042,1.589560032,42.90719986,49.91883087,46.49726868,4.846950054,5.370810032,5.115170002,75.82850647,88.58123016,82.35810852,20.36923027,17.39115906,18.83807945,26.38084984,28.76490021,27.60152054,12.92891791,13.14030119,12.70382553,12.69880962,13.11065006,12.3056097,72.65304288,65.98184223,69.03280363,68.4328115,79.19479892,48.97443327,44.74864731,72.15351013,64.60839673,67.30703357,4.446372953,11.8592758,18.05265421,104.0781777,104.5054471,103.6363298,95.65333,465.6728962,470.5439973,460.9206,0.6463523271,0.6683279315,0.6271527168,9.628877027,9.906691594,9.371654847,93.22816088,95.47376433,94.36578938,1.003054852,96.38347399,96.09067237,96.23205026,88.62020874,84.31188202,86.41275787,145.582774,103.5278015,104.0757599,103.8097229,48.58152,65.69403839,98.84324,98.54758,99.12079,23.52861,33.08879,61.8905983,64.74301147,59.18659973,99.99204254,99.59294,1.000360012,1.043519974,100.0107422,99.71313,99.97438049,99.47943,80.66024017,76.92736,1.10303998,84.71134949,79.89456,76.79775238,74.09832,27.91879082,1.244420052,31.89057922,24.09586906,51.25966,62.78662109,145755,43.27673,13.67526,10.97497,16.83554,48.09265137,4.94375,5.855690002,46.85363411,210866.3132,98176.72796,112695.9358
Malaysia,2006,95.4107,96.7945,94.10353,4.589300156,149606,0.2144799978,0.3000999987,0.2585000098,12.31396008,10.35451984,11.30653954,1.585459948,1.593430042,1.589560032,64.00509431,70.84875581,67.44536368,14.88858165,16.59899274,15.7508244,87.45227588,94.08392143,90.78305448,20.36923027,17.39115906,18.83807945,48.21025477,51.51498372,49.8739832,14.07667428,14.27214953,13.82519038,12.19968987,12.60676956,11.81365967,76.7391,63.15544,64.69666,67.81728,67.85997,54.37981,63.8858,48.65557,66.79101,65.11029,4.485760212,10.12201,13.8087,99.66378016,120.3018625,81.40251268,95.75141,507.5533109,508.9829535,506.7242111,0.7231511907,0.7438543131,0.7063332455,11.28869367,11.53963517,11.0757065,92.97553587,93.99110207,93.45346468,0.9812138597,87.84068656,89.71942159,88.81548979,89.20957947,84.61862946,86.85272217,639.6795293,100.2952271,99.53314972,99.90332794,48.63426,67.81858063,97.71466,96.60087,98.7748,25.88936,37.66053,57.18682098,59.98997116,54.53136063,98.69442749,95.4107,1.002329946,1.039870024,98.81240082,96.7945,98.58300018,94.10353,79.73001862,78.44768,1.090630054,83.27935791,81.8068,76.35894775,75.25728,28.40821075,1.215350032,31.92910957,25.05311012,50.88048,63.95175934,146753,43.22433,14.14819,11.44979,17.24174,48.89915848,4.95488,5.832520008,77.34912291,617753.8018,325748.8606,292045.353
Malaysia,2007,95.11282,96.08308,94.19688,4.887179852,160731,0.2144799978,0.3000999987,0.2585000098,12.31396008,10.35451984,11.30653954,1.585459948,1.593430042,1.589560032,69.0296603,75.47070207,72.2577055,17.48899791,19.18601029,18.34294302,90.21322851,95.38633619,92.79104408,20.36923027,17.39115906,18.83807945,53.65407092,56.57814724,55.12199396,13.27077471,13.47632833,13.03680527,12.34319019,12.74382019,11.96479988,61.24567,64.59192,67.4475,70.59754,76.8658,48.75771,67.44086,39.04707,69.40588,69.28858,4.372539997,10.8171,13.77379,100.2011599,125.0794494,79.86028089,99.77148,473.9802672,478.1248236,470.0700355,0.6655107628,0.6870837855,0.6470486161,10.04191903,10.31664125,9.792817949,91.78418293,94.47314514,93.12045898,0.9872531804,91.74407796,93.01683358,92.40460812,89.0811615,84.98905945,86.97879791,764.3139346,98.51798248,97.31886292,97.90132904,48.70013,68.40973663,97.83526,96.92686,98.70389,32.01023,40.37559,62.03979111,64.30696869,59.89554977,97.95005798,95.11282,1.00564003,1.038300037,98.23323822,96.08308,97.68273926,94.19688,77.47628784,74.47215,1.082520008,80.63192749,76.86121,74.48561096,72.20798,30.00507927,1.249729991,34.41833878,25.82296944,50.63983,64.58907318,157812,43.62976,15.39234,12.66521,18.47063,49.68008041,5.44046,6.314589977,67.53288678,420479.6943,221671.0177,198831.7434
Malaysia,2008,95.06773,95.26292,94.88367,4.93227005,162369,0.2144799978,0.3000999987,0.2585000098,12.31396008,10.35451984,11.30653954,1.585459948,1.593430042,1.589560032,72.73693281,78.74361332,75.74018681,19.41652166,21.07150887,20.24849565,92.24934921,96.35873511,94.28008525,20.36923027,17.39115906,18.83807945,57.76472296,60.15009392,58.95881445,11.91904821,12.14134046,11.71430128,12.47745037,12.9158802,12.06459999,58.13178,66.33875,68.54643,71.84669,76.48998,50.53881,67.10879,63.62701,67.90161,69.86656,3.958519936,13.05772,11.99764,102.0596425,131.3536394,83.68089,94.76268,417.036046,425.7796099,407.9083079,0.5682669986,0.5912955165,0.5470513149,7.938370991,8.253725986,7.627929182,89.9541624,95.35159625,92.68179176,0.9991186773,98.73650521,98.82115286,98.78093352,88.57527161,84.54535675,86.50514221,902.4491817,99.73951721,98.1053009,98.89887238,48.73301,68.43486023,96.316,95.40396,97.1913,31.72081,39.68906,74.39689636,77.01522064,71.92584229,97.9803009,95.06773,1.008039951,1.04065001,98.3841095,95.26292,97.59951019,94.88367,77.11087036,74.09303,1.084259987,80.31649017,76.54197,74.07472992,71.77356,33.43947983,1.251399994,38.40127182,28.74731064,50.66457,65.82613373,166295,43.21958,15.91459,12.99313,19.20072,51.3248291,5.59114,6.554259777,48.85550008,70083.5751,35241.9384,34834.12694
Malaysia,2009,95.86919,97.34764,94.47652,4.130809784,135221,0.2144799978,0.3000999987,0.2585000098,12.31396008,10.35451984,11.30653954,1.585459948,1.593430042,1.589560032,63.56893921,70.27037811,66.94400024,14.90081978,16.3132,15.61159039,87.20561218,93.93888092,90.59616089,20.36923027,17.39115906,18.83807945,47.85498047,50.95901871,49.41801834,14.29328005,14.48681892,14.03780799,12.6348896,13.03549957,12.25846958,62.71605,67.56288,68.51677,70.01912,77.81899,48.56461,68.08803,65.56257,70.65402,70.14993,5.974180222,14.19945,21.34924,99.28095394,116.4120524,83.01649,96.43468,519.5255612,520.0142685,519.7556173,0.7412732176,0.7617592165,0.7248773143,11.68135224,11.92242612,11.48164837,93.53717524,93.95778497,93.71427576,0.9800831042,86.79781221,88.79104586,87.83184503,87.29886627,83.04135895,85.11282349,548.0985406,100.3419418,98.80406952,99.55062103,48.72571,69.0272522,95.54515,94.39684,96.64537,31.11603,39.13498,76.90991974,79.99706268,74.00263977,98.65876007,95.86919,1.008829951,1.039350033,99.1055069,97.34764,98.23793793,94.47652,76.12432098,74.00103,1.080330014,79.14584351,76.588,73.26109314,71.54958,35.4946785,1.244150043,40.58597946,30.67694092,50.58631,67.03793335,158379,43.20333,15.24424,12.50688,18.28913,49.90069962,5.31259,6.220449924,79.46502066,671894.4969,353590.6767,318349.0651
Malaysia,2010,96.23306,96.37475,96.09972,3.766940117,122105,0.2144799978,0.3000999987,0.2585000098,12.31396008,10.35451984,11.30653954,1.585459948,1.593430042,1.589560032,65.07624054,71.31102753,68.21572113,15.69834042,17.03129959,16.36953926,88.03148651,94.35941315,91.21787262,20.36923027,17.39115906,18.83807945,49.72505188,52.0632019,50.9024086,12.1200695,12.34034729,11.91141891,12.85531998,13.23822021,12.48978043,58.57988,64.31051,69.04577,71.20729,77.7272,46.65087,72.32792,62.42767,68.53169,69.94199,4.966450214,12.38303,18.05817,97.80639125,119.0688311,84.63522,96.69146,427.3170166,435.2467957,419.1072083,0.5843450427,0.6071673632,0.5635266304,8.286579132,8.593754768,7.987458229,90.74768066,95.43374634,93.1178894,1.000779986,98.45825958,98.38104248,98.4187088,86.86966705,82.5661087,84.66087341,704.446838,97.83985138,96.71173859,97.25932312,48.70222,68.70603943,94.76481,94.06525,95.43236,30.49529,38.55819,79.14285278,82.55570984,75.93431854,99.75794983,96.23306,1.008829951,1.038110018,100.2098618,96.37475,99.33267212,96.09972,77.26702881,74.33845,1.076709986,80.19920349,76.90315,74.48536682,71.90541,37.02888107,1.270230055,42.99131012,31.37360954,50.53035,67.30052185,162243,43.09215,14.76215,12.11335,17.69155,49.91622925,5.28958,6.202620029,47.36879,90197,42725,47472
Malaysia,2011,96.98502094,97.61595969,96.56456005,2.93866992,94129,0.2144799978,0.3000999987,0.2585000098,12.31396008,10.35451984,11.30653954,1.585459948,1.593430042,1.589560032,62.51152244,68.6656033,65.624783,14.78416932,15.60792344,15.19702309,86.61016246,93.63701129,90.16975876,20.36923027,17.39115906,18.83807945,47.1352685,49.30268848,48.22869819,12.91084218,13.12260374,12.68628439,12.71901035,13.17743015,12.28765011,54.59596,63.75651,69.45688,67.3849,78.79048,47.01448,69.63658,53.17061,66.71589,68.21885,5.76293993,14.92751,19.1991,101.4274567,115.2737263,89.39927324,99.24875,465.5009946,470.3913595,460.7251209,0.6455777558,0.6675761595,0.6263373496,9.612255973,9.889918886,9.354928692,92.30990706,95.11694708,93.72352753,0.995427256,94.56574528,95.02702391,94.80519263,87.67530823,82.55240631,85.04154968,492.8953201,100.7009811,99.30626678,99.98245239,48.70381,69.3498764,92.97222,92.08678,93.81716,31.01444,39.77158,72.88455745,76.17399254,69.7887645,101.0802917,97.06133,1.010769963,1.042459965,101.6389618,97.61091,100.5554962,96.5451,77.47145844,74.16752,1.083989978,80.68393707,77.05669,74.43256378,71.43447,36.14812088,1.247720003,41.41297913,31.15435982,50.62735,68.20822144,178480,42.45854,15.9781,12.89093,19.40761,52.91392136,5.6963,6.792240143,56.45373349,288916.9787,146562.5876,142366.6249
Malaysia,2012,98.54356,98.90222,98.20678,1.456439972,45955,0.2144799978,0.3000999987,0.2585000098,12.31396008,10.35451984,11.30653954,1.585459948,1.593430042,1.589560032,70.81492392,75.43717632,73.16929497,20.2879681,19.57781411,19.91799092,91.13749103,95.62410279,93.42231612,20.36923027,17.39115906,18.83807945,56.70427453,57.11819307,56.90783616,12.50784084,12.72860559,12.29573211,13.00349998,13.44437981,12.58800983,54.42163,52.92641,67.64361,62.72437,62.90434,52.59692,70.61228,53.18471,64.94007,61.80412,5.739029884,17.28464,20.8482,100.6744597,105.3111683,95.73269693,101.42415,463.8419421,469.0060893,458.7106977,0.6302469904,0.6527660067,0.6100823804,9.284113234,9.55583279,9.027079251,92.89949177,95.8298215,94.39792578,1.000526666,96.44127213,96.39556301,96.41699686,88.12332153,83.2309494,85.60540771,277.4885276,107.901062,105.6262589,106.7283707,48.6801,69.21231079,90.74882,90.57679,90.91398,26.31489,34.93272,84.67443085,86.44226837,83.00907135,102.7418137,98.54356,1.010210037,1.027179956,103.2799225,98.90222,102.2365265,98.20678,81.47545624,75.75679,1.048239946,83.45069122,78.35515,79.61036682,73.30333,37.6123085,1.255470037,43.28742981,32.22861099,49.74329,68.91246033,260600,38.38565,20.66755,15.65891,25.81094,56.59666061,7.29295,9.450810432,49.42915626,200688.2882,96730.17005,103962.9031
Malaysia,2013,99.66427,100.0012671,99.40056352,0.3357299864,10412,0.2144799978,0.3000999987,0.2585000098,12.31396008,10.35451984,11.30653954,1.585459948,1.593430042,1.589560032,63.70783846,68.5685194,66.20144818,16.81297791,15.83739275,16.31076597,87.22523002,93.77193669,90.58227083,20.36923027,17.39115906,18.83807945,49.22766453,49.63772682,49.43578909,12.72412624,12.94257834,12.5076822,13.22638035,13.73585033,12.74596024,51.75387,61.78684,68.30464577,65.20596,80.18315,47.57979202,65.43394309,63.62179,67.48107317,65.6244503,5.481200218,15.99801,20.06423,102.57384,100.54677,101.52904,105.46342,474.3492208,478.6775028,470.1621739,0.6470514916,0.6693455166,0.6273180561,9.647940994,9.911513599,9.402415101,93.64444184,95.87387549,94.78970666,1.001688463,96.01109686,95.85303805,95.92853583,85.32402039,80.78681946,82.98777771,99.94233,103.9785614,101.8014374,102.8557663,48.67401,69.09945679,89.0528,88.60501,89.48228,32.27486,39.71991,89.40528107,90.88208008,88.01088715,104.6601563,99.66427,1.00917995,1.033110023,105.1530914,99.99773476,104.1969528,99.38695096,81.87223053,76.2547,1.062549949,84.43002319,78.93621,79.45982361,73.7256,39.07458115,1.264729977,45.21575165,33.24597168,50.05383,67.02593994,255507,37.99583,20.093,14.95942,25.47438,53.09888077,7.0422,9.277050018,48.60106967,227696.6396,108243.7991,119458.917
Malaysia,2014,99.8924,99.8099,99.97004,0.1076000035,3277,0.2144799978,0.3000999987,0.2585000098,12.31396008,10.35451984,11.30653954,1.585459948,1.593430042,1.589560032,68.6096015,72.83102608,70.77922361,19.64958732,18.28031334,18.94575904,89.90975526,95.00448273,92.52674292,20.36923027,17.39115906,18.83807945,54.70214346,54.40201222,54.54871983,11.98668713,12.21529975,11.78714347,13.45189953,13.99370003,12.94248009,51.97161,60.93897,66.58103841,73.46401,74.02938,47.46440822,70.41586148,57.7573,67.53750079,64.28761846,5.212639809,15.79552,22.44428036,101.63415,99.92193,100.7513,106.35786,447.2100457,453.7660157,440.4842426,0.5975020058,0.6206123009,0.5762398947,8.576995452,8.858106215,8.302768382,92.88677336,96.44804381,94.72100421,1.008141484,99.67025072,98.86644438,99.25261534,86.39614105,81.66432953,83.95919037,128.4753028,103.2281494,101.4282913,102.2998505,48.66897,69.89292145,87.5275,87.73989,87.32456,34.86367,42.55649,93.01386261,94.14733124,91.94184875,104.3613663,99.8924,1.007470012,1.04203999,104.7615128,99.8099,103.984787,99.97004,85.35153961,74.65151,1.082190037,88.82466125,77.54029,82.07881927,71.9294,39.50857162,1.254089952,45.43080902,33.88727188,50.48883,62.62500532,282122,41.2747,20.25357,16.19401,24.63125,50.59592111,8.10249,9.911279678,38.56925098,45101.52161,10727.11084,34365.98414
Malaysia,2015,99.51663,100.068788,99.24695293,0.4833700061,14470,0.2144799978,0.3000999987,0.2585000098,12.31396008,10.35451984,11.30653954,1.585459948,1.593430042,1.589560032,58.06277817,63.57080797,60.88528219,13.54747569,13.00958468,13.26980624,84.13309853,92.36081676,88.34822715,20.36923027,17.39115906,18.83807945,42.98397874,44.04311491,43.52379278,13.06126428,13.27429289,12.83636902,13.66390991,14.2156496,13.14358044,52.42483,59.65059,66.69095,70.31355331,68.71816,44.55067,56.70328,52.7521,70.51420378,69.44250333,4.894869804,16.07894,20.57967475,100.76725,98.9537,99.83201,104.79643,483.785273,487.3079684,480.5260827,0.6670543419,0.6889583772,0.6480398083,10.07955137,10.33860861,9.84354269,93.86823618,95.56412346,94.73443691,0.9992529265,94.5772111,94.66316212,94.62145529,90.24633026,82.47609711,86.24310303,99.45817,102.6786728,100.8966675,101.7599869,48.66896,69.50662994,87.18627,87.06874,87.29868,28.33837604,39.01357475,97.02059937,98.63404846,95.49487305,103.8186722,99.51663,1.005789995,1.044669986,104.1270294,100.0650636,103.527977,99.2325998,84.9344635,76.58751298,1.089400053,88.68295288,80.329839,81.40522766,73.04504672,45.59270859,1.228909969,51.66175079,39.83597946,50.63376,66.64735757,224821,43.58540821,16.03709,14.63259289,20.19175517,52.07128906,7.120885495,8.02519989,52.43754419,299469.1835,146433.6271,153049.574
Malaysia,2016,99.75330504,100.0160499,99.72208508,0.1793600023,5297,0.2144799978,0.3000999987,0.2585000098,12.31396008,10.35451984,11.30653954,1.585459948,1.593430042,1.589560032,72.19996643,76.10408783,74.20723724,21.71651077,20.09539986,20.88303947,91.87718964,95.89492035,93.94287109,20.36923027,17.39115906,18.83807945,58.60863876,58.07130814,58.33237076,12.27360709,12.49949642,12.06863321,13.8724699,14.28730011,13.47964954,45.86790531,52.08187885,65.22336464,67.92490296,57.30926746,44.77143683,70.64775222,26.18181624,70.45379875,65.14481243,4.751920223,16.12796,21.14754,99.39197,96.52158,97.91223,108.76832,462.4643153,467.8172023,457.0941359,0.6209677551,0.6437870247,0.6002687629,9.085320662,9.354073065,8.827955752,93.36942291,96.29699707,94.88057709,1.004770041,97.85761261,97.39067078,97.61447144,86.1452713,80.69857025,83.33721924,99.26775,101.4403076,98.66143799,100.0088196,48.86587,69.61730957,91.04953,90.41548,91.66313,31.85226,42.03642,96.94322205,99.52031708,94.5080719,104.9991837,99.82064,1.012509942,1.038820028,105.6706467,100.0142271,104.3654327,99.71506062,84.70847321,73.40114,1.068809986,87.61486816,76.86952,81.97429657,70.13829,46.76210022,1.146819949,50.5759697,43.15045166,50.13648,68.19779205,301205,46.61178,21.69558,19.87672,23.5984,53.07908639,10.14728,10.91460037,43.71705,135139,59079,76060
Malaysia,2017,99.71847653,99.9703308,99.338518,0.3543600142,10381,0.2144799978,0.3000999987,0.2585000098,12.31396008,10.35451984,11.30653954,1.585459948,1.593430042,1.589560032,86.13157028,88.69135838,87.45032933,29.62244517,27.13599773,28.34358123,99.5136307,99.38457933,99.45595125,20.36923027,17.39115906,18.83807945,73.84658482,72.1232886,72.9606425,12.16,12.39,11.96,13.67864037,14.03851032,13.33979034,55.26998872,49.09917132,62.26003477,66.75491708,44.3497444,53.1899055,79.96492745,37.19688413,68.63293545,57.9426196,4.675310135,16.13708,22.59321,99.16141,95.98466,97.52489,105.25503,468,473,463,0.622,0.645,0.601,9.11,9.37,8.86,93.55406952,96.49912262,95.08264923,1.003250003,97.43843842,97.12167358,97.27256012,85.93354797,80.81436157,83.29344177,99.75807,101.0856476,97.98916626,99.49160004,48.90068,69.62418365,93.82484235,92.86934382,94.75162356,32.05785,41.22069,99.96703339,101.5637436,98.46044159,105.2916031,99.64564,1.013290048,1.034540057,106.0063782,99.97490703,104.616539,99.35615359,85.44908142,74.39817,1.05843997,87.95166779,77.62036,83.09590912,71.36837,43.71517944,1.138499975,47.06639099,40.54763031,49.88073,67.41906738,368991,43.13411,26.7602,22.81004,30.83101,52.83340073,11.62569,13.44406033,45.67284,153987,70330,83657
Malaysia,2018,99.67409629,99.98943702,99.55279595,0.2628200054,7685,0.2144799978,0.3000999987,0.2585000098,12.31396008,10.35451984,11.30653954,1.585459948,1.593430042,1.589560032,69.25577435,73.50220522,71.43687147,20.01123094,18.6215997,19.29648591,90.264563,95.1589393,92.77762749,20.36923027,17.39115906,18.83807945,55.34905771,55.15824057,55.24979385,12.46603298,12.68888378,12.25628853,13.54508018,14.02581024,13.09257984,47.66963,63.42396,67.35654,69.73205,72.40834,45.99805,70.73211,62.5416,69.17563,66.4036,4.479599953,18.11266887,22.81098,103.3305867,101.0123757,101.6953767,102.7068895,468.067627,472.9451294,463.2440796,0.632578671,0.65517658,0.6122885346,9.335914612,9.601833344,9.084245682,93.50482941,96.12304688,94.85440826,1.003329992,97.0185318,96.69582367,96.85032654,84.20078278,79.48574066,81.76969147,98.94559414,100.7078171,98.09445953,99.36345673,48.81754602,69.39936829,90.04772488,88.96704689,91.08250266,36.60370584,44.89184213,99.22441864,100.4379425,98.08123016,104.935997,99.66159309,1.015120029,1.046519995,105.7462082,99.9855436,104.1708298,99.53779176,81.99226379,72.21113,1.084280014,85.41413116,75.42821,78.7751236,69.18652,45.1253891,1.184360027,49.85466003,40.66350174,50.48053,67.35527802,285095,44.01866,22.72469,19.30339,26.42363,52.09303682,9.58749,10.99491978,45.97732,177089,81421,95668
Philippines,2002,90.10381,91.35792,88.90551,8.983130455,1066658,0.03982000053,0.05406999961,0.04689000174,17.79461679,15.31721046,16.59535454,0.4912754745,0.5214165852,0.5062137605,68.51214149,67.37423461,67.70049633,33.76695151,32.79691086,32.81996231,82.04151254,80.31967957,81.18972446,26.7639931,24.46308104,25.66338159,56.29342671,52.40257912,52.27827994,12.50003664,13.09398812,11.97292838,11.58487988,11.87425995,11.30735016,50.96503756,61.28587866,66.72412565,75.32057909,81.51164202,56.46182855,61.97198,15.14767373,71.00513406,67.96030733,2.89222002,10.81386,8.92556,97.80355354,89.88885641,93.65734113,126.05175,477.1924829,419.5802058,397.3062466,0.5551830354,0.5787693723,0.5285893614,8.207042492,8.736512602,7.638014241,95.67694591,94.82887659,95.25149985,1.015132854,98.11212339,96.63894838,97.37074625,74.17664337,63.55086136,68.74947357,44.55689,98.27658081,90.79194641,94.45062256,48.66532,87.25218964,97.9413,97.01086,98.90392,28.55446,38.43253,31.20252991,31.9842701,30.45648956,108.0192337,89.63244,0.9921600223,1.026379943,107.5844574,90.81896,108.4346619,88.49872,79.1892395,54.62719,1.106619954,83.28829193,59.92832,75.26399231,49.55082,30.17904091,1.230069995,34.18627167,26.32093048,51.4491,76.36177826,562545,45.18305,37.50095,33.48302,44.8815,54.72605133,5.55188,9.712750435,36.91197537,441387.0474,156488.73,284895.7137
Philippines,2003,90.4052,91.38405,89.46958,9.594799995,1153720,0.03982000053,0.05406999961,0.04689000174,11.61182295,16.01133572,13.67619423,0.06383040284,1.140530876,0.5973304765,120.2407127,138.7448394,123.9045012,88.53256494,106.589167,87.06904634,71.10042222,71.58480644,71.33257109,25.09984982,27.93370746,26.37952078,37.52676887,41.70768686,40.10853705,12.44954383,13.10307593,11.87242336,11.5952301,11.87847996,11.3234396,54.28571,59.14704,69.63171,77.19972,75.54582,57.74230485,61.97198,14.57988,71.02511,68.10302,2.935179949,11.47354,9.83623,100.2885099,94.30381022,97.15124357,127.07775,458.1074134,419.8462017,396.8528074,0.5563921551,0.5787305508,0.529866878,8.179611867,8.737608868,7.570348011,93.56452942,91.63449097,92.59069061,1.031090021,96.58058929,93.57830048,95.05721283,78.1259613,66.45102692,72.16313171,44.89002,98.65930176,91.51435089,95.0076828,48.57857,89.02107239,96.9874,96.38437,97.60843,25.44711,35.9457,35.89910126,36.61032867,35.22011948,107.8690033,89.90912,0.9883599877,1.02481997,107.2231064,90.82528,108.4863815,89.03341,81.28061676,57.36658,1.107769966,85.53056335,62.61296,77.21000671,52.34159,29.07217979,1.22025001,32.74596024,25.53367996,51.48035,76.6679306,562545,45.18305,37.50095,33.48302,44.8815,55.39785004,5.55188,9.712750435,33.95842,812183,275804,536378
Philippines,2004,89.79918,90.90822,88.73885,10.20081997,1242726,0.03982000053,0.05406999961,0.04689000174,17.55167587,15.86825452,16.59148757,0.4812697654,0.5916278325,0.5359602922,64.77852631,62.38301086,63.58699036,28.97517967,25.53996086,27.26649094,83.5945816,79.85961151,81.73679352,26.74917403,23.00492657,24.76000682,52.38095093,49.80202103,51.09817886,12.40534646,13.11103068,11.78444929,11.61896038,12.01245975,11.24135971,52.89536,59.64424,66.51395,76.88427,76.6999,58.68733,61.97198,20.42511566,71.27986,68.04967404,2.469830036,9.0319,8.84724,98.17056649,91.99562065,94.91895786,124.20609,480.527424,420.0790333,396.4559028,0.5574505221,0.5786965695,0.5309851141,8.155601288,8.738568451,7.511118392,96.34866884,95.21542991,95.78359306,1.019775145,98.90112973,96.93606021,97.89862254,88.94494629,74.70076752,81.67015839,45.72916,97.06967926,90.51844788,93.7217865,48.54331,89.35881042,92.28413,92.64329,91.91505,24.63119,35.35347,36.63071823,37.38179016,35.91347122,106.856987,89.35752,0.986710012,1.025660038,106.1264572,90.39647,107.5554504,88.36419,83.33083344,59.28866,1.111310005,87.82369995,64.81646,79.02718353,53.99368,28.3604908,1.217450023,31.89332008,24.95807076,51.56223,75.71076965,562545,45.18305,37.50095,33.48302,44.8815,55.7032814,5.55188,9.712750435,22.43222462,436422.5789,114034.6126,322397.0674
Philippines,2005,88.98452,90.1468,87.8736,9.841279984,1215007,0.03982000053,0.05406999961,0.04689000174,17.57960985,15.79096076,16.6407234,0.4822396233,0.5823341487,0.5318438855,67.68929204,66.49658112,67.0248568,32.92471521,31.48883226,32.07583085,82.57131895,79.90719004,81.24815049,26.39300168,23.29043449,24.80653256,53.81187601,50.1540149,50.49931103,12.42403513,13.10766705,11.82164876,11.51733971,11.82355976,11.2238903,52.38319099,52.96365453,66.5481719,76.94984473,70.41366499,58.35467832,61.97198,15.20067685,71.23857406,68.03636685,2.328069925,8.37287,8.90511,97.57014778,90.28281192,93.74042958,123.82508,484.6531746,419.9805814,396.6237322,0.5570029961,0.5787109384,0.5305122726,8.16575406,8.738162695,7.536163387,95.90555444,94.91870173,95.41253362,1.017464727,98.49458727,96.77369045,97.62280564,84.73409271,72.97212219,78.7258606,45.52533,97.36499786,89.8946228,93.54663849,48.61233,87.2518692,98.75541,97.55757,100,24.40219,35.92813,37.30596161,37.98167038,36.66080093,105.9753418,88.55488,0.9897199869,1.030189991,105.4157104,89.64806,106.5102386,87.51002,82.9036026,58.87591,1.119150043,87.67195892,64.56834,78.33828735,53.42588,27.51806068,1.186879992,30.41493034,24.73092079,51.72559,76.35694122,562545,45.18305,37.50095,33.48302,44.8815,55.70341873,5.55188,9.712750435,29.73694741,438951.2321,135661.0421,303293.3542
Philippines,2006,87.2988,88.48251,86.16853,11.39500999,1425856,0.03982000053,0.05406999961,0.04689000174,17.26932012,16.46861053,16.72734006,0.4691210215,0.6697181642,0.5685301302,65.57030126,63.88330581,64.68519307,30.50515985,27.78593814,29.06484607,82.96978694,79.30957111,81.14793379,25.70249688,21.64921899,23.54512386,50.655861,46.93197331,47.61362189,12.31773537,13.12679913,11.61006102,11.36717987,11.67284966,11.07462978,49.8593107,50.51456567,66.29860622,75.93092895,69.65866877,61.05305784,61.97198,13.2757567,71.57125779,68.14481756,2.425790071,7.671495322,8.809637774,96.99136545,90.21396527,93.41240951,117.85815,497.3750712,420.5405682,395.6691312,0.5595484901,0.5786292095,0.5332017588,8.10800586,8.740470604,7.393709356,96.07688561,94.93898414,95.51061648,1.020059916,98.90965005,96.91257161,97.89332209,82.60462952,68.78410339,75.54032135,41.6594,94.85183716,87.55751038,91.1213913,48.52605,87.25190735,98.05318,96.86416,99.28061,23.36456,35.11693,41.61740112,42.15354919,41.10593033,103.9451904,86.79077,0.9872900248,1.027840018,103.2650681,87.86851,104.5946121,85.76168,81.27030945,59.04377,1.117130041,85.87283325,64.82426,76.86940765,53.5165,27.8425293,1.19746995,30.96150017,24.8476696,51.64852,76.37793732,562545,45.18305,37.50095,33.48302,44.8815,56.81239442,5.55188,9.712750435,21.82681753,436284.8495,112861.5699,323432.7811
Philippines,2007,87.45617,88.65842,86.30983,11.1772604,1409725,0.03982000053,0.05406999961,0.04689000174,17.29034362,16.41925471,16.73349807,0.4699652434,0.6634959733,0.5658725183,66.38683635,65.01785534,65.65063485,31.58186113,29.4051215,30.39324289,82.73449688,79.3487318,81.0497413,25.6610449,21.78949363,23.61646228,51.11163324,47.16336995,47.62803464,12.32686224,13.12515646,11.62822788,11.0170121,11.26186032,10.78225831,44.91766043,50.88388268,66.31799877,72.44936459,74.97540974,60.85127675,61.97198,12.26757554,71.54632256,68.13672101,2.485179901,8.73217,8.8309,96.89294165,89.85601964,93.17980721,122.54237,497.6254076,420.4924879,395.751093,0.5593299347,0.5786362267,0.5329708402,8.112964104,8.740272448,7.405940419,95.97505613,94.87540057,95.42755885,1.019445979,98.80364772,96.87154561,97.82194516,74.07700348,62.37434006,68.10331726,45.46825,93.79289246,88.15705872,90.91187286,48.49818,87.26999664,99.06034,98.13635,100,22.09044,33.75787,43.80620956,44.53355026,43.11492157,104.2241974,87.09612,0.9876000285,1.023470044,103.5588379,88.2367,104.8586121,86.00859,81.2244873,59.8099,1.102710009,85.28014374,65.45874,77.33688354,54.3951,28.52717534,1.110132092,30.05242209,27.06893922,51.38601,76.23197174,562545,45.18305,37.50095,33.48302,44.8815,56.71593999,5.55188,9.712750435,23.75350581,436948.4793,118535.5968,318420.8252
Philippines,2008,88.52589,89.86928,87.24994,10.05698013,1274735,0.03982000053,0.05406999961,0.04689000174,18.12185559,15.94913304,17.02999415,0.5225672237,0.5472259056,0.5347958796,65.92661285,63.79351044,64.86772919,30.98133087,28.47293091,29.73615074,83.02995138,80.61011757,81.83000427,25.96122932,22.44589043,24.21619987,55.63596413,50.17169362,50.00784282,12.39865327,13.11223534,11.77112661,11.67955971,11.96111965,11.40987015,51.65917187,49.4294468,66.15988455,76.77085573,68.17379255,59.12033532,61.97198,9.947984925,71.34734062,68.05753044,2.582829952,9.0567,9.19364,96.53934805,88.32060732,92.21868881,127.26735,495.7945452,420.114293,396.3957961,0.5576107998,0.5786914234,0.5311544583,8.151965157,8.738713769,7.502148736,95.82563019,95.01213074,95.42009735,1.014940023,98.49152374,97.01995087,97.75080109,87.04103851,74.42447662,80.60561371,46.91596,94.82572937,88.90509033,91.79592133,48.46764,88.72009975,98.89234,97.8041,100,20.38172,31.40234,45.7565918,46.5407486,45.01509857,105.8078537,88.12346,0.9902399778,1.021319985,105.2759018,89.40371,106.3131027,86.90749,81.96437836,60.34316,1.090350032,85.58422852,65.7531,78.49241638,55.15425,29.15916061,1.195070028,32.3783493,26.0622406,51.1194,76.32097521,562545,45.18305,37.50095,33.48302,44.8815,56.17359784,5.55188,9.712750435,32.81967,400678,131501,269177
Philippines,2009,90.32579,91.658,89.06713,7.813220024,992346,0.03982000053,0.05406999961,0.04689000174,17.89873193,15.08318768,16.58955026,0.4955911951,0.4915136488,0.4935721262,69.65281892,68.85243656,68.89677549,35.18340468,34.9394337,34.3842775,81.50512616,80.51766342,81.02039039,26.82507932,25.06995869,26.05929974,57.82009911,53.50896579,52.89636997,12.53942365,13.08689915,12.0513275,11.36655998,11.59331036,11.14984035,49.5979511,48.26717487,66.81265937,75.14722086,69.55339213,55.51981439,61.97198,13.59223574,70.88888154,67.92247226,2.537770033,10.33164379,9.283648223,97.73164306,89.21090149,93.27472784,129.75269,475.073522,419.3727152,397.6599528,0.5542398594,0.5787996551,0.5275928323,8.228439799,8.735657458,7.690797404,95.44503392,94.70180214,95.07086231,1.013415093,97.82229268,96.53122818,97.17742318,82.94432831,72.43804169,77.58297729,59.58641446,94.46063232,88.72467804,91.51911926,48.30065,89.65329742,100.1307372,99.11861384,101.0980853,20.89799,31.2,53.49489975,54.37458038,52.66744995,107.7615814,89.88861,0.9888499975,1.017799973,107.1401978,91.14398,108.3486481,88.70254,84.11602783,61.04577,1.081439972,87.48124695,66.32326,80.89321899,55.99163,28.48962021,1.190089941,31.54392052,25.54788971,50.87626,76.37841034,562545,45.18305,37.50095,33.48302,44.8815,54.80834979,5.55188,9.712750435,42.25479351,443215.096,172121.6576,271086.5159
Philippines,2010,90.91782914,91.76594462,90.10480563,7.387360819,910208.1431,0.03982000053,0.05406999961,0.04689000174,18.04529953,14.79566002,16.43481064,0.502210021,0.4530900121,0.4778699875,67.67060089,65.84033966,66.76354218,32.10374069,30.30905914,31.21430969,83.28816986,80.81253815,82.0612793,27.98633003,25.57006073,26.78886032,57.02119827,54.90708923,55.97346878,12.57142246,13.08113993,12.11502056,12.00361216,12.27338294,11.74717917,47.45594,48.50491,66.9070473,73.47879,69.15396,54.42455186,61.97198,25.27725575,70.75439154,67.87832724,2.309999943,10.50155854,9.023394816,99.30765842,92.67516574,95.84135902,111.4284628,458.5377641,419.2041456,397.9473109,0.5534736037,0.5788242575,0.5267832315,8.245823414,8.734962721,7.733679538,96.21795166,95.28096811,95.74769234,1.016335395,98.36328279,96.76483789,97.55168515,83.17936533,72.85871972,77.91805483,57.73785471,101.5929003,97.79904455,99.63565821,48.37496207,86.41400602,99.71275358,98.51012444,100.9900845,16.86436406,28.22367032,60.32816527,60.45799665,60.16584277,107.1934615,90.37513273,0.9810256855,1.025285499,106.1413992,91.15456298,108.2318881,89.62724853,84.48898035,66.749904,1.121225682,89.41205945,73.13447203,79.81320331,60.43772354,29.56384087,1.199880004,32.91117096,26.33300972,51.47766448,75.58904782,562545,45.18305,37.50095,33.48302,44.8815,54.38680794,5.55188,9.712750435,32.82935269,439904.0745,143812.3046,296092.5714
Philippines,2011,90.98085683,91.8562244,90.14699686,7.217972377,910208.1531,0.03982000053,0.05406999961,0.04689000174,18.04529821,14.79566026,16.4348102,0.502209931,0.4530901522,0.4778700115,66.6737351,64.41077317,65.44960611,30.77703589,28.31337082,29.36230184,83.28815887,80.81253077,82.06127268,27.98632568,25.57006183,26.78885927,57.02120705,54.90708647,55.97345622,12.57142251,13.08113992,12.11502065,12.03157265,12.31422432,11.76283118,49.67769,50.21486,66.90704787,75.06338,69.43602,54.42455205,61.97198,25.27720564,70.75439156,67.87832728,2.997388078,10.78325738,9.038770734,99.30765304,92.67515159,95.84134907,112.1869029,458.5379554,419.2041453,397.9473113,0.5534736026,0.5788242575,0.5267832304,8.245823437,8.73496272,7.733679594,96.21794737,95.28096473,95.7476885,1.016335381,98.36327924,96.7648359,97.55168245,83.10601181,71.52509174,77.1605895,56.96430137,100.6089652,95.70672682,98.08850432,48.25849203,86.82307215,98.27272835,97.33262992,99.27389784,17.65478282,28.52022563,60.41786606,60.38167295,60.47920169,106.8904728,90.45442907,0.9799208621,1.023333326,105.7640699,91.18301188,107.9548187,89.76040658,84.41853648,65.85475298,1.111634616,88.99365554,72.11618926,80.09244629,59.69013204,30.79600906,1.192260027,34.13121033,27.56901932,51.26902448,74.76065535,562545,45.18305,37.50095,33.48302,44.8815,54.35622075,5.55188,9.712750435,32.82940906,439904.1713,143812.5189,296092.4451
Philippines,2012,91.06353496,91.95851967,90.21002518,7.265135626,910208.1546,0.03982000053,0.05406999961,0.04689000174,18.0452976,14.79566029,16.43480919,0.5022098885,0.4530902101,0.4778700187,66.77892331,64.56257933,65.5897849,30.91917703,28.52890819,29.56346156,83.28815833,80.81252305,82.061272,27.98632665,25.57006176,26.78885951,57.02120668,54.90708551,55.97345577,12.5714225,13.08113992,12.11502064,12.03557227,12.32191597,11.76325496,48.34985,50.95681,66.90704818,74.07726,71.36606,54.42455178,61.97198,25.27720616,70.75439155,67.87832729,2.74417192,11.02859006,9.047505136,99.30765366,92.67515292,95.84135006,112.0239164,458.5381273,419.2041454,397.9473113,0.5534736028,0.5788242575,0.5267832305,8.245823434,8.73496272,7.733679587,96.21794739,95.28096458,95.74768843,1.016335383,98.36327927,96.76483568,97.55168234,82.54475341,71.15970172,76.70910182,57.35064952,100.6611035,96.30328857,98.42013961,48.26808018,87.01734263,97.85556259,97.05829569,98.714596,17.59435909,28.30818745,60.47935181,60.58207476,60.41529688,106.9091665,90.6164458,0.9804370949,1.023217376,105.8204258,91.3727301,107.9497485,89.89496495,84.08365832,65.83431663,1.109786639,88.56407444,72.07463833,79.83367948,59.73667381,31.20648003,1.185520053,34.46017838,28.06716919,51.26954781,74.72527929,562545,45.18305,37.50095,33.48302,44.8815,54.34222487,5.55188,9.712750435,32.82940561,439904.2067,143812.5164,296092.4853
Philippines,2013,92.44406707,93.01252648,91.88208095,7.62499335,910208.0969,0.03982000053,0.05406999961,0.04689000174,19.23904037,14.71033001,16.99505997,0.5853700042,0.3378199935,0.4627099931,71.10736847,68.9905777,70.0585022,34.26012039,31.41596031,32.85084152,85.79402924,82.49019623,84.15698242,28.40645981,24.7318306,26.58568001,60.11275101,56.77064896,58.45674133,12.57114501,13.08118986,12.11446829,13.50128056,13.8219792,13.19495066,50.7321,54.81293,66.31513295,74.17235,72.13012,54.38450757,61.97198,27.06395,70.77663571,67.85877118,3.019999981,13.43886171,9.536810851,98.9987995,92.37805907,95.53691434,117.7709108,461.3859436,419.2056072,397.9448193,0.5534802478,0.5788240442,0.5267902514,8.245672683,8.734968745,7.733307712,96.78736115,96.00833893,96.39800262,1.014070034,98.81542969,97.4254303,98.10835266,90.51457308,81.24888465,85.8831558,48.66466154,109.8535343,112.0147521,110.9238593,48.69488936,84.95685903,97.43505685,97.12085103,97.93907371,5.939028704,17.73045635,58.86258694,58.58389829,58.90514609,110.9760146,91.88930937,0.9795114546,1.016548003,109.7811721,92.65067247,112.2161947,91.14266759,83.18072028,74.20058729,1.11630137,87.92830545,80.78653717,78.70515956,67.14716543,33.52278137,1.206470013,37.46533966,29.72991943,51.10471269,75.43653045,562545,45.18305,37.50095,33.48302,44.8815,54.37612333,5.55188,9.712750435,30.6735,366118,112301,253817
Philippines,2014,95.09992056,96.23113383,94.03571913,2.60484004,333178,0.03982000053,0.05406999961,0.04689000174,18.88622123,12.94869625,16.23662083,0.5376274666,0.2153533071,0.3779237326,70.70066782,69.01578397,69.29559352,35.11703438,35.01035236,33.99027607,81.57535003,82.42814747,82.01387272,29.58954414,30.10628324,30.16448441,66.30950943,63.67894943,63.24368335,12.86535454,13.02823734,12.70008702,12.64978981,12.92687035,12.38778973,51.58015,52.41921,67.59094198,75.47849,72.32792,47.05405776,61.97198,27.03417,69.84550673,67.58213946,2.789999962,14.7600339,9.639669447,100.45798,91.75989,95.95599,117.53289,427.4388724,417.6557125,400.5869017,0.5464349956,0.579050248,0.5193464673,8.405504379,8.728581066,8.127582677,95.47947352,95.03696748,95.24968631,1.007970895,97.00176593,96.29238462,96.65736054,86.0403595,76.26799774,81.00196838,75.46596,101.7200699,95.66706848,98.58690643,47.88758,86.98497772,97.44923,97.00549,97.88839,16.65701,24.55672,73.17624068,73.62207655,72.99986958,113.0535202,95.36339,0.9795799851,1.015310049,111.8504028,96.1798,114.1821518,94.59754,86.96585846,66.35664,1.090829968,90.86917877,72.09681,83.30271149,60.96966,35.62688828,1.21905005,40.11325073,31.32629967,50.58583,73.31140137,562545,45.18305,37.50095,33.48302,44.8815,51.5811083,5.55188,9.712750435,58.49268261,448597.6836,218148.8092,230429.0492
Philippines,2015,95.57779,96.23732,94.95588,2.828119993,364140,0.03982000053,0.05406999961,0.04689000174,23.10184107,12.72511316,18.13586078,0.8323096291,0,0.3282716003,42.80123812,29.16186365,39.75687845,2.470454752,30.40612569,30.72038638,92.18446961,88.35184565,90.29601612,31.74048613,26.76985714,29.46067338,75.09645045,69.94563831,73.30289101,12.84074145,13.03266726,12.65109511,13.0868299,13.27104975,12.9220323,46.13231018,52.71041715,65.44983552,71.42451167,76.96542753,47.27053205,61.97198,42.40228952,69.96918657,67.52699917,3.329999924,18.94854328,9.454266804,100.42505,93.61931,96.90159,112.33579,429.5450951,417.7853742,400.3658694,0.54702439,0.5790313242,0.5199692023,8.392133118,8.729115449,8.094598272,98.24175262,98.12325287,98.18254852,1.00364995,99.26673126,98.90415192,99.08260345,77.69575379,66.86310049,75.71669298,85.06964,104.0106551,111.4137833,110.5035336,47.77429,87.62737274,96.58693,96.63713,96.53775,17.07267,23.73949,100.0484009,99.76876831,100.3164597,112.2509308,95.0759,0.970080018,1.007279992,110.4971619,95.64566,113.9046936,94.53863,87.85105896,65.55881,1.08355999,91.49514008,71.3301,84.43972015,60.15612,29.67842054,1.417760855,42.46764283,25.72589862,50.35619,72.88928223,562545,45.18305,37.50095,33.48302,44.8815,51.73186985,5.55188,9.712750435,39.0313,182462,71217,111245
Philippines,2016,94.85361,95.30311,94.42728,3.311369896,429607,0.03982000053,0.05406999961,0.04689000174,18.7805996,13.22535807,16.10533764,0.5337581565,0.2491276323,0.392709263,66.32817523,62.92248786,64.6467177,29.05033836,25.80189903,27.4504967,84.4951051,82.24244671,83.38300328,30.53394157,29.15902753,29.92397487,62.00141617,62.40728892,64.68221189,12.80344799,13.03937942,12.57686316,12.42729926,12.65605797,12.21216294,39.70148862,47.53349702,67.47280652,67.64752786,74.74255656,48.22585609,61.97198,41.59811535,69.99074812,67.62905845,3.569999933,15.12563636,9.278310203,102.10073,96.58329,99.25049,103.33235,416.9035638,417.981836,400.0309639,0.5479174331,0.579002651,0.5209127625,8.371873149,8.72992514,8.044620709,96.74372745,95.87538918,96.30443051,1.014710126,98.18402305,96.76225061,97.45850378,78.83059341,70.0824078,74.33260306,81.07017,105.0794674,107.3671524,106.2038266,47.83106,87.54431152,96.59469,96.97016,96.22963,5.458794218,15.50584332,95.16983795,94.72612,95.59586334,110.1739273,94.36604,0.9666799903,1.008820057,108.2586975,94.72036,111.9904327,94.02999,88.45581055,78.5253438,1.092949986,92.52420807,85.42855886,84.6558609,71.46439111,34.28318892,1.144518823,36.84020349,31.73170902,50.51536,73.17780304,562545,45.18305,37.50095,33.48302,44.8815,52.18876127,5.55188,9.712750435,37.21093796,441234.9353,155194.8947,286037.503
Philippines,2017,95.02535,95.18792,94.8704,3.248509884,424228,0.03982000053,0.05406999961,0.04689000174,18.80533028,13.19266033,16.0239296,0.5350800157,0.2440299988,0.3908500075,62.02526093,56.74974823,59.41093826,23.15164948,16.93582916,20.0713501,85.75359344,82.2983017,84.04129791,31.13556862,29.10975597,30.11204383,60.7543158,62.5830512,66.03409351,12.8,13.04,12.57,13.14836025,13.49940968,12.81630993,53.36885,57.01576,67.47732,76.6807,71.86939,48.12816,61.97198,48.8046,69.97906,67.62505,4.400000095,14.2647881,8.950690655,102.99947,98.83496,100.85516,94.5203,409,418,400,0.548,0.579,0.521,8.37,8.73,8.04,97.28893948,96.25912405,96.76994213,1.017217063,98.63335973,96.94702297,97.76554326,85.12638855,71.72915649,78.20432281,65.06043,109.614151,107.7950974,108.6775284,47.89458,87.53540039,92.57333419,92.80288547,92.49318771,11.96910151,21.75966429,80.69254303,78.97383118,82.34055328,107.5097733,93.7756,0.9643899798,1.018489957,105.5151825,93.69001,109.4108505,93.85718,86.16291046,74.29097781,1.105880022,90.64897919,81.54346598,81.96968842,66.73092453,35.47546005,1.238549948,40.41902161,30.77703094,50.82828,71.44288635,562545,45.18305,37.50095,33.48302,44.8815,51.85980988,5.55188,9.712750435,29.22659782,438456.0086,131433.9053,307026.0695
Philippines,2018,93.84962547,93.80145436,93.88328316,3.80140996,500780,0.03982000053,0.05406999961,0.04689000174,18.70309385,13.42914286,16.00630762,0.5309288005,0.2739787722,0.4035973754,61.6349512,56.34264097,59.32657789,22.6610416,16.16513914,20.03444758,86.68437075,82.10654191,84.41123338,31.24674045,28.4574163,29.75066467,58.78581473,61.47121563,65.77846473,12.75758934,13.04763317,12.48558235,13.63006719,13.97596577,13.30531119,42.63815513,48.16779328,67.38556304,70.03436343,69.38297219,49.08996952,61.97198,52.54074743,70.09786252,67.66365527,3.133100033,13.80755104,8.906113712,103.337079,100.204098,101.7251978,71.5812443,408.9212646,418.2234192,399.6191406,0.5490155816,0.5789673924,0.5220730305,8.346960068,8.730920792,7.983164787,97.69168744,96.50458592,97.09555267,1.01975371,99.06904289,97.11413357,98.05828859,87.16281128,74.32440186,80.51812744,65.9882111,113.3933105,117.3739929,115.4368973,47.86848971,87.35301971,94.78660784,94.22354668,95.62818322,4.250343409,15.14837479,99.81633759,98.13240814,101.4249115,101.8622208,92.71512277,0.9624400139,1.026489973,99.86927032,92.43426384,103.7669678,92.97187429,84.04538727,81.4073256,1.111469984,88.63725281,89.81056615,79.74775696,72.96983837,38.01735478,1.195261872,42.06807285,34.03493375,51.26664856,70.69937897,562545,45.18305,37.50095,33.48302,44.8815,52.53052308,5.55188,9.712750435,21.28224381,435723.8598,108072.5374,327661.7164
Thailand,2002,98.39048302,97.7443672,99.0071392,1.603466659,88260.90758,0.09833999723,0.1039400026,0.1010200009,18.07009915,14.10299224,16.07053854,2.616656425,2.078057174,2.36256258,29.04845161,35.85056647,32.46076158,13.45128039,12.9324371,13.13161587,50.52844293,58.96056868,54.76137647,12.96809888,12.1209801,12.54275167,20.75678852,23.03725774,21.90494287,11.65435601,11.12843021,12.7748214,11.79646969,11.8322897,11.76249027,52.7580828,66.3976973,63.84799542,73.50113967,75.88946867,45.95557987,72.59993705,51.86375953,63.88854403,64.76216341,3.864919901,17.88942433,14.56187967,106.5638702,87.52736259,96.78114667,89.63287412,435.2680722,444.5594665,426.4293936,0.5916575331,0.5802364806,0.606854596,8.383121296,7.918792289,8.7246263,93.66916044,97.11162245,95.34449935,1.00154677,97.90710087,97.75123706,97.82836595,57.48505571,59.38513938,58.45006387,63.02824,98.15811834,87.0840299,88.91650263,48.34699,57.9099617,98.49383,99.25138,97.76746,29.89971623,178.573243,79.02972558,77.5543618,80.41759847,98.66970062,98.40873602,0.9758099914,0.9850900173,97.43657684,97.77958906,99.85250092,99.00930424,64.93845367,133.8547848,1.001369953,64.9835968,163.972638,64.89470673,104.2157633,39.995121,1.106619954,42.28300858,37.77481842,49.24582,53.24259186,592370,40.68994,34.80492,29.18537,40.10234,47.42174911,11.79352,14.27334023,47.58987268,229458.2254,111462.4339,117996.2327
Thailand,2003,98.37795787,97.7335223,98.99215838,1.597984897,88237.86776,0.09833999723,0.1039400026,0.1010200009,16.24331103,13.2069497,14.79099555,2.331815683,1.925550537,2.137511927,34.06147301,40.11118428,37.01948612,13.38128046,12.00523499,12.78731066,54.03627027,62.12656719,57.98829977,15.5461102,14.41569171,14.99631203,24.82216949,27.12191969,25.94489726,12.42867613,12.17334715,12.60900488,13.29036141,13.27647369,13.29752511,52.01965633,65.16632169,69.23883808,71.63688578,76.32748245,47.88820839,70.6891271,60.76920528,62.20346765,66.22957577,3.725610018,13.4423535,18.39063926,101.0132522,88.6700467,94.67114471,96.90385927,436.0552844,443.9588787,427.0431125,0.6049480526,0.6165478737,0.589684913,8.659548115,8.640468676,8.623515536,94.487216,97.6341492,96.0221416,1.003863077,98.21962018,97.83387816,98.0259998,83.83260293,76.38738631,80.01418057,63.02824,93.90524358,93.16336566,93.80135458,48.07562426,65.59126907,98.49383,99.25138,97.76746,44.54386202,110.1440209,76.4048854,75.45577678,77.29907107,101.9476198,98.38731351,0.9772736296,0.9752927885,100.5208033,97.75172653,103.2430678,98.9931311,89.42591522,96.95585964,0.9955686592,87.64763836,108.8533305,91.11357324,84.39115145,40.94997025,1.133970022,43.93291855,38.04724884,49.25249914,59.59155629,655272.3873,41.32569617,31.44680195,26.59954514,36.18502412,47.42174149,11.17618129,13.03124699,43.63811196,210599.2268,97019.27182,113586.5681
Thailand,2004,98.38608853,97.7390385,99.00329049,1.601201588,88255.86376,0.09833999723,0.1039400026,0.1010200009,17.33836908,13.74398348,15.55759938,2.502465135,2.016868919,2.272329535,29.94131088,36.55688095,33.2353096,13.4232502,12.55970001,12.99326992,50.88335037,59.23995972,55.04425049,13.4232502,12.55970001,12.99326992,21.45990944,23.83724976,22.64362907,11.96572475,11.54702343,12.70860924,12.26729012,12.51150036,12.03030014,52.46135173,65.90285386,66.01265731,72.75142582,76.06546864,46.73208234,71.83214637,55.44167791,63.21133052,65.35183272,4.030889988,13.3991,14.77554,104.8895152,87.792658,96.10414653,92.80923467,435.5834539,444.3192087,426.6752726,0.5969870792,0.5947832098,0.5999489307,8.49391205,8.207846381,8.684313923,93.99107025,97.31623559,95.61066827,1.00246895,98.03202797,97.78464939,97.90755783,68.00316271,66.18003283,67.06242496,63.02824,96.4551474,89.51678367,90.87438781,48.38611,59.34753281,98.49383,99.25138,97.76746,37.80451117,153.7150436,78.16743897,76.84225634,79.41481395,101.4206924,98.40077466,0.9798499942,1.012889981,100.3658981,97.76739164,102.4298477,99.00502179,68.35148621,118.9983946,1.066009998,70.56649017,141.960606,66.1968689,95.67182873,42.07361984,1.157369971,45.71516037,38.52099991,50.90709,53.97790339,617555,45.38932,36.32747,31.44417,41.71147,48.29293335,12.94544,14.51916027,46.01590852,221875.5956,105672.7279,116205.2395
Thailand,2005,98.45387586,97.09205754,99.7498233,1.770666928,101008.2568,0.09833999723,0.1039400026,0.1010200009,14.8600168,12.62276634,13.5735193,2.119919733,1.8370125,1.990448332,36.08945635,41.78436501,38.9079939,13.39131841,10.34909835,12.24385442,56.70630446,64.5193187,60.56517573,15.89913808,15.12467956,15.51507072,25.70150626,28.13183222,26.89764241,13.69970903,12.50854164,12.58851365,12.71640015,12.84243965,12.59084034,51.34429471,63.97374943,71.18382708,65.58669955,76.71964075,49.60253689,68.84328826,71.02407457,60.53749816,67.6333728,3.93859005,12.43850435,15.61281749,91.50716297,87.566343,89.47926868,95.95397,436.2595044,443.8397046,427.202745,0.6089048777,0.6258913275,0.550745886,8.735944651,8.820293817,8.655847313,91.52957153,95.60024261,93.50646973,0.9965599775,97.87892914,98.21678925,98.05090332,71.18720427,73.93244192,72.59547576,63.02824,91.61481198,95.23654326,98.02595612,48.14422,62.27003142,98.49383,99.25138,97.76746,57.60338521,82.45010274,62.58904616,54.67471865,70.04050788,101.9233398,98.45576561,0.9721599817,1.002889991,100.451973,97.0957496,103.3285294,99.75002614,73.63115692,80.5089753,1.048519969,75.39940643,85.31362739,71.91062927,74.24050978,44.57695007,1.110710025,47.21976089,41.9919281,50.50046,51.33952236,685710,44.07096,38.52303,32.55504,45.02735,58.70827122,13.20065,15.12648964,53.84733,202562,109074,93488
Thailand,2006,98.91908,98.08391,99.71513,1.080919981,62039,0.09833999723,0.1039400026,0.1010200009,15.74816776,12.60481048,14.58227284,2.128587824,1.694352772,1.911388107,29.18741035,35.8241806,32.36281967,13.21560955,12.49110985,12.86896992,47.30868912,55.76197052,51.35322189,13.21560955,12.49110985,12.86896992,21.24892044,24.00995064,22.56995964,12.42836383,13.665179,12.54607003,12.79994011,12.96459961,12.63883972,50.95854347,63.53714646,82.67067249,79.41746273,76.9633281,50.66713021,68.26204412,67.31048576,60.00903933,68.17800692,4.05038023,13.64974149,11.75856648,117.0030033,89.45447047,102.8519234,109.3362368,437.326925,443.3219572,428.0383219,0.6310475336,0.6745082213,0.614333312,9.14870522,9.738983611,8.549118028,95.99585007,97.45581274,96.70505887,1.019890543,99.36413499,97.39855549,98.37180991,129.4140237,100.6890616,114.6907724,63.02824,91.20023342,98.0929079,95.22173639,48.40894,59.74475098,98.49383,99.25138,97.76746,51.59011,55.92347,97.16580279,102.7711675,91.88949625,101.8130722,98.9104,0.9844300151,1.015910029,100.9951401,98.06709,102.5926819,99.71421,74.1841507,69.59192,1.061779976,76.43924713,72.82825,71.99159241,66.44534,44.85783005,1.058930039,46.23316956,43.50864029,50.79548,55.10506821,703428,44.95229,39.76843,33.72706,46.58225,51.46794128,13.74186,15.52810955,21.152024,155927.8023,30919.54526,125012.5543
Thailand,2007,98.49881,97.68061,99.27698,1.501189947,84459,0.09833999723,0.1039400026,0.1010200009,13.10748232,11.60272822,12.5807368,1.81424907,1.62457449,1.717099891,32.14259807,38.02894483,34.94707431,13.23862281,10.40933835,12.18490619,50.03738971,58.1305189,53.89559498,14.4685186,13.82187655,14.15997716,23.09122401,26.251457,24.59923401,13.83495797,14.16393985,12.33959708,13.28761005,13.66469955,12.9161396,50.5304322,62.70330354,80.88133305,69.50630717,77.21078103,51.77642319,66.89145277,77.66473185,58.83479249,69.16315055,3.603149891,14.86097863,2.025505978,100.4368913,88.35234157,94.22828911,112.5897095,437.580419,442.8796171,428.2330909,0.631868362,0.6867209883,0.5622540145,9.205877471,10.02161857,8.459119271,95.53646703,98.01433011,96.74847367,1.009754046,98.89670736,97.92860605,98.41064649,131.9905833,107.326428,119.3574132,63.02824,86.41439881,103.8971993,102.3065358,48.36085,59.68067932,98.49383,99.25138,97.76746,37.53202,50.57455,76.81035385,76.35315252,77.24090257,101.3794937,98.48923,0.9846900105,1.023890018,100.5780411,97.66201,102.1417236,99.27598,79.34353638,73.2857,1.075600028,82.27754974,77.49411,76.49421692,69.19874,49.03480148,1.177780032,53.86146164,44.28570938,51.08974,53.93389893,767304,44.617,40.01969,33.36328,47.68389,60.61307747,13.99131,16.02108002,34.30226191,167846.1468,61998.14093,105857.6783
Thailand,2008,97.95392,97.21583,98.65464,2.046080112,112921,0.09833999723,0.1039400026,0.1010200009,11.84780134,11.36265605,11.51939718,1.745683995,1.715406445,1.732360153,36.75321987,41.85815134,39.21500698,13.348501,8.874022337,11.72588041,55.63558399,63.30010823,59.3295988,16.54809669,15.72759373,16.15128036,26.25478716,29.3749813,27.75455258,14.68985256,13.59153866,12.26015048,13.23031044,13.57849026,12.88873005,50.87211334,63.12084537,72.1710003,59.11560408,77.00027448,50.87192796,67.43812775,80.19686054,59.36539764,68.65578328,3.508500099,18.93508,7.03937,79.80163842,87.76031159,83.88719463,107.3293396,436.9923472,442.9976318,427.7708288,0.6173458258,0.6602858686,0.5167085429,8.957086753,9.54923849,8.454170749,94.23509315,98.31431929,96.23288423,0.9943634022,97.95059628,98.4988344,98.23222591,106.1620187,96.72794633,101.338873,63.02824,85.19657892,104.3740095,105.6615263,48.35827,59.98178101,98.49383,99.25138,97.76746,43.97943,47.99474,52.04966822,44.15276316,59.48339334,100.8284378,97.95392,0.9863600135,1.023929954,100.1184616,97.21583,101.5024719,98.65464,79.21977234,75.39528,1.072900057,82.05029297,78.74402,76.47559357,72.1487,48.67156982,1.158499956,52.8915596,44.50849915,50.98435,55.25159073,776531,44.37582,39.90539,33.1471,47.65719,68.06800079,14.29292,16.42144966,55.29663902,205873.885,118481.8386,87405.83833
Thailand,2009,98.08255,97.85243,98.30077,1.72736001,93542,0.09833999723,0.1039400026,0.1010200009,12.84828455,11.65235777,12.46751164,1.85462979,1.711035358,1.779237424,33.22976351,38.85209288,35.89523404,13.28510178,10.40351197,12.20204516,51.00345096,59.02962768,54.8140445,15.34843498,14.39642904,14.89495517,24.13915429,27.31657599,25.65047674,13.64390079,13.80669604,12.26051639,13.28015995,13.66643047,12.90194988,51.06890909,63.55117526,75.11138473,66.74615293,76.89255068,50.40013133,68.13737184,73.94842363,59.99374271,68.1593159,3.861939907,22.18502,8.44554,92.12744342,89.24799495,90.64830255,112.3873203,437.2447346,442.8921279,427.9685918,0.622816401,0.6717458112,0.5571231021,9.056845964,9.763044999,8.405905121,97.10191808,99.86257557,98.46230539,1.005728378,98.61205899,98.03711135,98.32598649,131.2687278,106.57385,118.6212965,63.02824,86.23866207,104.2175645,102.5988271,48.41484,59.01671247,98.49383,99.25138,97.76746,31.84292,47.54545,70.08118608,70.13400382,70.03134087,99.17333221,98.08255,0.9897099733,1.029340029,98.64668274,97.85243,99.67275238,98.30077,80.81868744,77.17242,1.078189969,83.91191101,81.63628,77.82634735,72.85414,49.40269852,1.168190002,53.96823883,44.89157867,51.0531,60.02454432,766718,43.61434,38.8213,31.66052,47.05303,62.20876019,13.73398,16.07641029,39.40650906,193891.9,86256.07225,107653.8303
Thailand,2010,96.20907615,99.28537249,93.28025013,2.509304253,118657.8088,0.09833999723,0.1039400026,0.1010200009,15.16610152,12.69194643,15.52854778,2.493365535,2.164805413,2.28368872,36.08861923,41.4263916,38.65016937,13.44711018,12.30961037,12.90122986,57.61520004,64.24414063,60.79637146,12.63226986,11.21595955,11.95258999,26.04380035,28.74087906,27.33810997,12.11518574,12.39023685,11.85129929,13.27869987,13.72848034,12.83675957,54.08496448,68.6236579,56.56388484,75.56682164,75.13376442,42.75518583,75.80434821,39.20098863,67.13089221,62.1100685,3.508440018,18.36191,14.0318,100.13516,98.61863,99.35695,82.63893571,435.9239807,442.7818604,426.9260864,0.5849853158,0.6131589413,0.557079196,8.450079918,8.777874947,8.095406532,96.42704773,96.43502045,96.4309082,0.9990599751,96.5520401,96.64254761,96.59757233,152.6129874,104.3921444,130.6193127,63.02824,98.41466012,89.06508174,88.084434,48.36357,59.15079117,98.49383,99.25138,97.76746,31.51527,44.8183,70.85929618,14.98986403,70.85230609,96.85813904,96.25616118,0.987869978,1.026800036,96.25137329,99.37593235,97.43343353,93.28598306,82.42884827,77.10383,1.071699977,85.33512115,81.23548,79.62567139,73.11873,50.3747406,1.21717,56.55099869,44.26979065,50.82827,472.3874527,752813,43.43987,37.46634,30.50145,45.43448,65.44563528,13.38406,15.66046047,50.25525,327309,164490,162819
Thailand,2011,98.36214699,97.70906166,98.98319536,1.588638297,88229.86207,0.09833999723,0.1039400026,0.1010200009,13.29440714,11.75984174,12.72257706,1.871324099,1.678650424,1.773600327,36.29941901,41.74317918,38.87064268,13.26834257,10.4990134,12.22845524,54.20705133,62.07196835,57.92868116,16.69147286,15.61227886,16.17893016,26.56005908,29.35863152,27.88729234,13.68718658,13.86044446,12.34279711,13.51762009,13.98661041,13.05807972,50.82091783,63.16717132,77.9788047,68.60644321,77.03845166,51.02480165,67.58755982,75.22129004,59.46741135,68.6117331,4.805550098,32.44923,14.22716,90.68178925,90.97123244,90.83064076,110.9959056,437.3264758,442.9915741,428.0341755,0.6264446914,0.675178285,0.5617691574,9.106245539,9.805322947,8.461628017,95.76722295,98.44475571,97.07905361,1.007562552,98.72234494,97.96949283,98.34526095,126.1136598,103.7245512,114.6460887,63.02824,87.04378814,102.9603911,101.6955039,48.36027,59.18833923,98.49383,99.25138,97.76746,12.69604402,23.90642139,71.63740628,71.59910869,71.67327132,96.75588226,98.3571214,0.987169981,1.028759956,96.11464691,97.69942012,97.36419678,98.98256381,85.00759888,79.4745,1.074370027,88.11807251,83.89367,82.01860809,75.22795,52.25569916,1.215190053,58.60076141,45.99023056,50.79717,62.4231913,756736,42.62794,36.34139,29.25154,44.32347,68.68251038,12.97977,15.46720982,37.32183061,179953.1528,73672.36921,106293.6474
Thailand,2012,98.3647124,97.71363957,98.98408546,1.590254782,88228.54869,0.09833999723,0.1039400026,0.1010200009,13.80553985,12.01067727,13.08124307,1.951166172,1.721468331,1.836696788,36.5990354,42.07661941,39.19706681,13.28790693,10.76057168,12.32547443,54.82379841,62.68951396,58.55951241,16.84710778,15.69963578,16.30032586,26.82597197,29.48310508,28.08907601,13.46863978,13.56807678,12.3888676,13.30148983,13.78969955,12.82361031,51.02896257,63.51414733,76.46285897,69.13325557,76.91506542,50.48047307,68.12584877,72.71290388,59.94230412,68.19829113,4.536709785,27.53315,18.40935,90.90538629,91.1153996,91.01354589,108.5957851,437.1061826,443.1591033,427.8624263,0.6227179843,0.6650180408,0.5666186462,9.028821367,9.603478049,8.489621816,95.54716537,98.30559452,96.89744511,1.00692396,98.63533136,97.94584771,98.28991496,118.7991572,98.99249325,108.6534418,63.02824,88.23283954,101.2632049,100.3267914,48.34392,59.68072128,98.49383,99.25138,97.76746,18.20698,25.71276,71.90936997,71.86288259,71.95331,97.02944946,98.36217588,0.9862800241,1.027160048,96.34153748,97.70884808,97.68221283,98.9837025,83.76145935,76.52904,1.072489977,86.75601196,79.2996,80.89234161,73.87453,50.67900848,1.240530014,57.67100906,43.79964828,50.67976,63.02130581,739155,41.5239,34.89686,27.62603,42.91775,67.06473367,12.65446,15.44472027,38.41264445,185271.9183,77717.18155,107566.8416
Thailand,2013,98.8363475,97.24432098,100.3513828,1.437105248,84687.94686,0.09833999723,0.1039400026,0.1010200009,14.13304996,12.03125,13.12545967,1.920140028,1.64902997,1.790169954,38.81340027,44.24314117,41.41638184,13.27091806,10.3574688,12.18865915,57.78432083,65.48291779,61.4749794,17.34296989,16.41180038,16.89656067,28.16731071,30.51395035,29.29227066,13.95710076,13.69557614,12.52454999,13.16110992,13.73351002,12.60429001,50.44041924,62.55416366,81.29499451,69.92464108,77.25906571,51.9620711,66.7107798,77.89829233,58.61436283,69.32748355,4.1240201,23.31561,17.99841,92.51749606,90.88596161,91.67795847,105.0391274,437.249063,443.319692,427.976912,0.6288761372,0.6710455194,0.5605594587,9.113476449,9.680050309,8.598158124,92.24916077,95.25125885,93.70207214,1.006860018,98.65490723,97.97783661,98.31388092,103.7115405,92.17816156,97.80399502,63.02824,88.97958314,99.57158709,100.108455,48.36159,60.01778704,98.49383,99.25138,97.76746,19.048296,12.73005334,71.84209193,68.3048089,75.17238098,96.91784668,98.8237766,0.9876800179,1.036929965,96.30108643,97.22011719,97.50267792,100.3498902,81.99915314,72.36380921,1.092779994,85.72045135,74.20673517,78.44286346,71.34240001,49.85337067,1.262480021,57.46897125,42.38451004,51.08401,57.56646805,729843,41.35533,33.93037,26.36296,42.54173,72.16182079,12.69181,15.67751026,39.3171,161723,63585,98138
Thailand,2014,98.35558673,97.70094137,98.97759272,1.585003464,88214.46233,0.09833999723,0.1039400026,0.1010200009,12.17073212,11.20840702,11.93493933,1.695925921,1.584624266,1.634979882,39.13444964,44.14307326,41.44463559,13.22525203,9.926802343,12.01604281,56.13873536,63.80833584,59.700114,18.1527688,16.92122781,17.57428814,28.86474367,31.69487004,30.18831066,14.16533787,14.5036524,12.24111222,15.71035004,16.23380089,15.19363976,50.36495143,62.4068264,81.30701895,67.45797422,77.3089011,52.2179999,66.40785791,80.71708367,58.42686201,69.51778076,3.723560095,43.54272844,6.103235384,90.99974,90.38208,90.68281,114.9248655,437.8111337,442.6224683,428.4120273,0.6346362693,0.6975325181,0.5511717081,9.276515123,10.24950072,8.399709464,96.26132932,98.75821402,97.48730267,1.008983134,98.91446202,98.02063933,98.46692382,142.2772495,114.1651829,127.880343,63.02824,84.42826179,106.697052,104.7020908,49.01976,69.56717189,98.49383,99.25138,97.76746,13.94642,24.31169,71.34223175,71.26728058,71.41275787,102.110878,98.34506697,1.015499949,1.037780046,102.9176102,97.68076512,101.347023,98.97624991,120.3322983,78.79973,1.05456996,123.6061172,82.48332,117.2103806,75.28706,50.18006134,1.260349989,57.78680038,42.74182892,50.14043,66.15536166,795422.3115,48.01938105,29.80889971,25.28312266,36.30691589,60.74921036,11.75736969,12.14871305,34.89876075,168293.0274,64762.10529,103547.368
Thailand,2015,98.80551262,97.14598487,100.3852462,1.50732931,88534.31834,0.09833999723,0.1039400026,0.1010200009,15.29954547,12.64643158,13.90147943,2.113753226,1.766530318,1.951361232,46.01940825,50.84689177,48.32648016,13.33605488,10.77287257,12.36004664,65.70875261,73.02521671,69.2069767,20.9675079,19.37390869,20.2051468,34.04675171,35.54923364,34.76462381,13.56104025,12.86742335,12.64416533,15.05065415,15.22523616,14.86759726,50.97557,63.42635,76.53477,69.83843,76.94008,50.55515,68.05573,72.24742,59.80087,68.28546,3.759670019,32.67463671,31.35859884,87.5291,92.0825,89.86684,96.48923,436.6063086,443.784418,427.4755196,0.6176681012,0.6414510481,0.5658856844,8.88449463,9.095982738,8.679518558,91.19193268,94.65911865,92.86830902,1.002949953,98.29299164,98.00287628,98.14662933,79.67098999,77.78359985,78.70332336,63.02824,91.94285194,95.1013013,97.04084037,47.12686,73.42342377,98.49383,99.25138,97.76746,20.96038,20.87599,67.95236206,63.24287033,72.38687134,100.6508636,98.79982694,0.9430400133,0.9538300037,97.61978912,97.13541271,103.5156784,100.3842356,120.6511688,77.27069,0.9614800215,118.2244492,77.54404,122.9613037,77.01047,45.60672593,1.261959879,53.0583976,37.15310947,47.78832,67.95358276,684911,37.64182,19.7564,15.23726,24.06469,61.88021851,7.98395,10.13605976,45.29275,178931,81043,97888
Thailand,2016,98.37611389,97.73737513,98.98490525,1.598087686,88211.69841,0.09833999723,0.1039400026,0.1010200009,16.26811981,13.21926975,14.80998039,2.335979939,1.927899957,2.140810013,42.59521103,47.7707901,45.07048035,13.38212927,12.02306427,12.79364472,62.09832001,69.71955872,65.74324036,19.96279907,18.09058952,19.06739998,31.90399933,33.51541138,32.67467117,12.41368375,12.15960005,12.61047713,15.42483997,15.80541992,15.05412006,52.03276,65.18834,69.15221,71.67782,76.31976,47.85432,70.72301,60.61021,62.23379,66.20344,3.637520075,47.86729994,33.60948866,88.49345,93.02181,90.81961,96.4441,436.0449012,443.9656378,427.0350042,0.6047565992,0.6160713583,0.590033352,8.655753378,8.631184474,8.624169036,94.49643532,97.6425502,96.03098917,1.00385878,98.21665566,97.83132763,98.02323435,83.62451172,76.22319031,79.82861328,63.02824,93.9604858,93.09068247,93.73039608,48.65536,71.33293152,98.49383,99.25138,97.76746,1.295664898,62.61508663,71.99156189,72.24754333,71.75039673,100.7575302,98.38556251,1.004359961,0.9998800159,100.9833298,97.75605299,100.5444794,98.98560905,118.6259079,103.5825959,0.9958900213,118.3756866,114.5791937,118.8638,92.45153668,49.28681183,1.289440036,57.76924133,41.04877853,48.63439,74.57292754,654476,39.96266,19.88831,15.72009,24.15075,56.57463074,8.18416,9.960089684,43.65033179,210937.6658,97203.01568,113744.6359
Thailand,2017,98.37700805,97.73763711,98.98644977,1.598406391,88215.98241,0.09833999723,0.1039400026,0.1010200009,16.37219227,13.27031219,14.88271654,2.352181544,1.936565657,2.153611558,40.69780888,46.08129289,43.28915817,13.38613003,12.07537117,12.81309785,60.3761809,68.10522828,64.09419619,18.98019703,17.26384596,18.15683248,30.33154953,32.07084981,31.16912763,12.37,12.1,12.62,14.73551568,14.86258516,14.60689427,52.07455109,65.25800949,68.84609061,71.78228343,76.29496563,47.74490388,70.83114565,60.10647346,62.32910923,66.12040625,3.355730057,38.22084684,29.38239066,92.95608,91.52175,92.21879,95.73414,436,444,427,0.604,0.614,0.591,8.64,8.59,8.63,94.44797806,97.61143189,95.99076967,1.003723979,98.19872004,97.82677092,98.01198603,82.10812378,75.24765015,78.58905029,63.02824,94.20303345,92.74334717,93.4525528,48.52812,71.58371735,98.49383,99.25138,97.76746,15.87431445,81.06230128,73.61171722,73.44737244,73.76670837,99.62503052,98.38696951,0.9999300241,0.9784100056,99.62143707,97.75725568,99.62841034,98.98726051,116.7339401,102.675941,0.9613900185,114.3785324,114.3739885,118.9719009,91.00527635,42.37192109,1.238180252,48.96370691,36.29877935,47.73833,71.13477325,650886,38.68035,20.65943,16.17839,25.03315,51.1935206,8.32467,10.2741003,43.87973624,212005.1175,98028.23762,113986.0098
Thailand,2018,98.92501362,97.50791177,100.2749203,1.300655014,76294.89604,0.09833999723,0.1039400026,0.1010200009,16.58242035,13.14081955,14.93900013,2.27850008,1.811759949,2.055629969,43.72711945,48.98339081,46.23706818,13.32008708,12.01267472,12.76465431,63.23316956,70.79942322,66.84616852,20.12445068,18.43755913,19.31892967,32.64234161,34.03202057,33.30593109,12.68015766,12.644207,12.71268463,15.58156168,15.78944544,15.38595543,51.31137661,64.05111052,76.82983081,75.26858538,76.74607421,49.69858236,69.0503014,65.65743611,60.67914697,67.54993178,3.056770086,44.01114559,33.53334593,94.34657,93.57653,93.95052,96.92643,436.4974976,443.9415894,427.3915405,0.616861403,0.6362770796,0.5964251161,8.855771065,8.981263161,8.69326973,92.42855835,95.20239258,93.76776123,1.009160042,98.59393311,97.69087982,98.13716888,84.8292923,77.40351105,81.01902771,63.02824,94.13262177,92.74820709,93.42047119,48.52339,70.74704214,98.49383,99.25138,97.76746,0.4401921689,33.43222159,78.99359894,79.01849365,78.9701004,99.77436066,98.92167629,1.000020027,0.9889799953,99.77536011,97.50185368,99.77342224,100.274205,117.7388077,96.87508957,0.9799100161,116.5134888,106.3248475,118.9022293,88.18184328,50.45095214,1.154494944,54.85205526,45.84243836,48.19721,71.106987,656118,39.2184,21.02192,16.39586,25.70078,61.86216386,8.521,10.47183037,36.92134,176350,65111,111239